#
# A fatal error has been detected by the Java Runtime Environment:
#
#  EXCEPTION_ACCESS_VIOLATION (0xc0000005) at pc=0x00007ffa9144fa02, pid=5840, tid=15992
#
# JRE version: Java(TM) SE Runtime Environment (17.0.12+8) (build 17.0.12+8-LTS-286)
# Java VM: Java HotSpot(TM) 64-Bit Server VM (17.0.12+8-LTS-286, mixed mode, sharing, tiered, compressed oops, compressed class ptrs, g1 gc, windows-amd64)
# Problematic frame:
# V  [jvm.dll+0x2efa02]
#
# No core dump will be written. Minidumps are not enabled by default on client versions of Windows
#
# If you would like to submit a bug report, please visit:
#   https://bugreport.java.com/bugreport/crash.jsp
#

---------------  S U M M A R Y ------------

Command Line: -agentlib:jdwp=transport=dt_socket,address=127.0.0.1:37187,suspend=y,server=n -javaagent:C:\Users\Expertflow\AppData\Local\JetBrains\IdeaIC2025.2\captureAgent\debugger-agent.jar=file:///C:/Users/EXPERT~1/AppData/Local/Temp/capture9530118174790407842.props -Dkotlinx.coroutines.debug.enable.creation.stack.trace=false -Ddebugger.agent.enable.coroutines=true -Dkotlinx.coroutines.debug.enable.flows.stack.trace=true -Dkotlinx.coroutines.debug.enable.mutable.state.flows.stack.trace=true -Dfile.encoding=UTF-8 com.smartsolutions.eschool.ESchoolApplication

Host: Intel(R) Core(TM) i7-7820HQ CPU @ 2.90GHz, 8 cores, 15G,  Windows 11 , 64 bit Build 26100 (10.0.26100.7920)
Time: Sun Mar 29 16:52:30 2026 Pakistan Standard Time elapsed time: 803.380170 seconds (0d 0h 13m 23s)

---------------  T H R E A D  ---------------

Current thread (0x00000178476dfc00):  GCTaskThread "GC Thread#4" [stack: 0x0000004d6b100000,0x0000004d6b200000] [id=15992]

Stack: [0x0000004d6b100000,0x0000004d6b200000],  sp=0x0000004d6b1ffa10,  free space=1022k
Native frames: (J=compiled Java code, j=interpreted, Vv=VM code, C=native code)
V  [jvm.dll+0x2efa02]
V  [jvm.dll+0x2edd7a]
V  [jvm.dll+0x2f3cf4]
V  [jvm.dll+0x2f3e1f]
V  [jvm.dll+0x2f351d]
V  [jvm.dll+0x2f2da6]
V  [jvm.dll+0x80832b]
V  [jvm.dll+0x808376]
V  [jvm.dll+0x78abea]
V  [jvm.dll+0x678f35]
C  [ucrtbase.dll+0x37b0]
C  [KERNEL32.DLL+0x2e8d7]
C  [ntdll.dll+0x8c48c]


siginfo: EXCEPTION_ACCESS_VIOLATION (0xc0000005), reading address 0xffffffffffffffff


Registers:
RAX=0x0000017876850000, RBX=0x000001785e4dce00, RCX=0x0000000000000000, RDX=0x1fffffff1fcc0000
RSP=0x0000004d6b1ffa10, RBP=0x0000000714b02c24, RSI=0x0000017849570500, RDI=0x0000000000400000
R8 =0x040001785a7e8000, R9 =0x000000000000169f, R10=0x0000004d69cff580, R11=0x0000000000000000
R12=0x000001780211ecd8, R13=0x0000000714b02be8, R14=0x0000017849570500, R15=0x0000017849570ab0
RIP=0x00007ffa9144fa02, EFLAGS=0x0000000000010206


Register to memory mapping:

RIP=0x00007ffa9144fa02 jvm.dll
RAX=0x0000017876850000 points into unknown readable memory: 0x0000000000000001 | 01 00 00 00 00 00 00 00
RBX=0x000001785e4dce00 points into unknown readable memory: 0x00007ffa91a5a258 | 58 a2 a5 91 fa 7f 00 00
RCX=0x0 is NULL
RDX=0x1fffffff1fcc0000 is an unknown value
RSP=0x0000004d6b1ffa10 points into unknown readable memory: 0x0000000714b02c30 | 30 2c b0 14 07 00 00 00
RBP=0x0000000714b02c24 is pointing into object: java.lang.Class$ReflectionData 
{0x0000000714b02be8} - klass: 'java/lang/Class$ReflectionData'
 - ---- fields (total size 8 words):
 - final 'redefinedCount' 'I' @12  0
 - volatile 'declaredFields' '[Ljava/lang/reflect/Field;' @16  NULL (0)
 - volatile 'publicFields' '[Ljava/lang/reflect/Field;' @20  NULL (0)
 - volatile 'declaredMethods' '[Ljava/lang/reflect/Method;' @24  NULL (0)
 - volatile 'publicMethods' '[Ljava/lang/reflect/Method;' @28  a 'java/lang/reflect/Method'[341] {0x0000000714b02c28} (e2960585)
 - volatile 'declaredConstructors' '[Ljava/lang/reflect/Constructor;' @32  NULL (0)
 - volatile 'publicConstructors' '[Ljava/lang/reflect/Constructor;' @36  
[error occurred during error reporting (printing register info), id 0xc0000005, EXCEPTION_ACCESS_VIOLATION (0xc0000005) at pc=0x00007ffa914eeb3e]

Top of Stack: (sp=0x0000004d6b1ffa10)
0x0000004d6b1ffa10:   0000000714b02c30 0000000000000002
0x0000004d6b1ffa20:   0000000714b02be8 00007ffa9144e901
0x0000004d6b1ffa30:   0000017802054760 0000000714b02bc0
0x0000004d6b1ffa40:   000001780211ecd0 00007ffa9144dd7a
0x0000004d6b1ffa50:   0000017849570ab0 0000000714b02c0c
0x0000004d6b1ffa60:   0000000000400000 0000004d6b1ffab0
0x0000004d6b1ffa70:   00007ffa91160000 0000000000000000
0x0000004d6b1ffa80:   000000000000000c 000000000000000c
0x0000004d6b1ffa90:   0000017849570500 00007ffa91453cf4
0x0000004d6b1ffaa0:   000000000000000c 0000000714b02be8
0x0000004d6b1ffab0:   000000000000169f 0000000000002b34
0x0000004d6b1ffac0:   0000000000000000 0000000000000010
0x0000004d6b1ffad0:   0000000000000010 0000017849570500
0x0000004d6b1ffae0:   00007ffa91160000 00007ffa91453e1f
0x0000004d6b1ffaf0:   0000000000000000 0000000000000000
0x0000004d6b1ffb00:   0000017849570500 000000000000000c 

Instructions: (pc=0x00007ffa9144fa02)
0x00007ffa9144f902:   48 8b 7c 24 30 48 83 c4 20 5b c3 cc cc cc 40 57
0x00007ffa9144f912:   48 83 ec 20 8b 02 48 8b f9 85 c0 74 3b 8b 0d 93
0x00007ffa9144f922:   19 7b 00 48 8b 7f 10 48 89 5c 24 30 8b d8 48 d3
0x00007ffa9144f932:   e3 48 8b cf 48 03 1d 73 19 7b 00 48 8b d3 e8 5b
0x00007ffa9144f942:   00 00 00 84 c0 74 0c 48 8d 4f 18 48 8b d3 e8 9b
0x00007ffa9144f952:   06 00 00 48 8b 5c 24 30 48 83 c4 20 5f c3 e9 eb
0x00007ffa9144f962:   4b 00 00 cc cc cc cc cc cc cc cc cc cc cc e9 4b
0x00007ffa9144f972:   4f 00 00 cc cc cc cc cc cc cc cc cc cc cc 48 8b
0x00007ffa9144f982:   01 48 8b 80 c8 04 00 00 48 8b 80 98 00 00 00 c3
0x00007ffa9144f992:   cc cc cc cc cc cc cc cc cc cc cc cc cc cc 48 89
0x00007ffa9144f9a2:   5c 24 10 48 89 7c 24 18 41 56 48 83 ec 30 48 8b
0x00007ffa9144f9b2:   01 4c 8b f1 4c 8b c2 48 8b fa 8b 88 18 03 00 00
0x00007ffa9144f9c2:   48 8b 80 08 03 00 00 49 d3 e8 41 80 3c 00 02 74
0x00007ffa9144f9d2:   5f 49 8b 5e 10 48 8b cb 48 8b 03 ff 10 8b 4b 18
0x00007ffa9144f9e2:   48 8b d7 48 2b 53 08 48 8b 43 20 48 c1 ea 03 48
0x00007ffa9144f9f2:   d3 ea 48 8b ca 48 c1 e9 06 4c 8d 04 c8 0f b6 ca
0x00007ffa9144fa02:   49 8b 00 80 e1 3f ba 01 00 00 00 48 d3 e2 48 8b
0x00007ffa9144fa12:   c8 48 0b ca 48 3b c8 74 17 0f 1f 44 00 00 f0 49
0x00007ffa9144fa22:   0f b1 08 74 1e 48 8b c8 48 0b ca 48 3b c8 75 ee
0x00007ffa9144fa32:   32 c0 48 8b 5c 24 48 48 8b 7c 24 50 48 83 c4 30
0x00007ffa9144fa42:   41 5e c3 4c 8b 07 48 8d 5f 08 49 8b d0 83 e2 07
0x00007ffa9144fa52:   80 3d 88 95 81 00 00 74 37 48 83 fa 05 0f 84 a8
0x00007ffa9144fa62:   00 00 00 80 3d ec 94 81 00 00 74 14 8b 03 8b 0d
0x00007ffa9144fa72:   52 18 7b 00 48 d3 e0 48 03 05 40 18 7b 00 eb 03
0x00007ffa9144fa82:   48 8b 03 0f b6 80 b8 00 00 00 24 07 3c 05 74 15
0x00007ffa9144fa92:   48 83 fa 01 75 0f 48 b8 00 ff ff ff 7f 00 00 00
0x00007ffa9144faa2:   4c 85 c0 74 66 49 8b 06 48 8b d7 8b 88 18 03 00
0x00007ffa9144fab2:   00 48 8b 80 08 03 00 00 48 d3 ea 80 3c 02 00 75
0x00007ffa9144fac2:   4a 48 89 74 24 40 49 8b b6 a8 05 00 00 48 89 7c
0x00007ffa9144fad2:   24 20 4c 89 44 24 28 48 8b 56 20 48 3b 56 08 75
0x00007ffa9144fae2:   0a 48 8b ce e8 25 cd f5 ff 33 d2 48 8b 46 38 48
0x00007ffa9144faf2:   8b ca 0f 28 44 24 20 48 03 c9 0f 11 04 c8 48 8d 


Stack slot to memory mapping:
stack at sp + 0 slots: 0x0000000714b02c30 is pointing into object: [Ljava.lang.reflect.Method; 
{0x0000000714b02c28} - klass: 'java/lang/reflect/Method'[]
 - length: 341
stack at sp + 1 slots: 0x0000000000000002 is an unknown value
stack at sp + 2 slots: 0x0000000714b02be8 is an oop: java.lang.Class$ReflectionData 
{0x0000000714b02be8} - klass: 'java/lang/Class$ReflectionData'
 - ---- fields (total size 8 words):
 - final 'redefinedCount' 'I' @12  0
 - volatile 'declaredFields' '[Ljava/lang/reflect/Field;' @16  NULL (0)
 - volatile 'publicFields' '[Ljava/lang/reflect/Field;' @20  NULL (0)
 - volatile 'declaredMethods' '[Ljava/lang/reflect/Method;' @24  NULL (0)
 - volatile 'publicMethods' '[Ljava/lang/reflect/Method;' @28  a 'java/lang/reflect/Method'[341] {0x0000000714b02c28} (e2960585)
 - volatile 'declaredConstructors' '[Ljava/lang/reflect/Constructor;' @32  NULL (0)
 - volatile 'publicConstructors' '[Ljava/lang/reflect/Constructor;' @36  
[error occurred during error reporting (inspecting top of stack), id 0xc0000005, EXCEPTION_ACCESS_VIOLATION (0xc0000005) at pc=0x00007ffa914eeb3e]


---------------  P R O C E S S  ---------------

Threads class SMR info:
_java_thread_list=0x000001787f572750, length=19, elements={
0x000001787f098020, 0x000001787f098be0, 0x000001787f0ab5c0, 0x000001787f0ae190,
0x000001787f0b0c60, 0x000001787f0b1620, 0x000001787f0b32e0, 0x000001787f0b49e0,
0x000001787f0cbb10, 0x000001787f280130, 0x000001787f404e00, 0x000001787f401af0,
0x000001787f401fe0, 0x000001787f51eaa0, 0x000001787f5ba1b0, 0x000001784e250b60,
0x0000017849554320, 0x0000017849559e40, 0x000001784dddf980
}

Java Threads: ( => current thread )
  0x000001787f098020 JavaThread "Reference Handler" daemon [_thread_blocked, id=26652, stack(0x0000004d69d00000,0x0000004d69e00000)]
  0x000001787f098be0 JavaThread "Finalizer" daemon [_thread_blocked, id=15984, stack(0x0000004d69e00000,0x0000004d69f00000)]
  0x000001787f0ab5c0 JavaThread "Signal Dispatcher" daemon [_thread_blocked, id=24644, stack(0x0000004d69f00000,0x0000004d6a000000)]
  0x000001787f0ae190 JavaThread "Attach Listener" daemon [_thread_blocked, id=23548, stack(0x0000004d6a000000,0x0000004d6a100000)]
  0x000001787f0b0c60 JavaThread "Service Thread" daemon [_thread_blocked, id=20588, stack(0x0000004d6a100000,0x0000004d6a200000)]
  0x000001787f0b1620 JavaThread "Monitor Deflation Thread" daemon [_thread_blocked, id=9900, stack(0x0000004d6a200000,0x0000004d6a300000)]
  0x000001787f0b32e0 JavaThread "C2 CompilerThread0" daemon [_thread_blocked, id=1452, stack(0x0000004d6a300000,0x0000004d6a400000)]
  0x000001787f0b49e0 JavaThread "C1 CompilerThread0" daemon [_thread_blocked, id=18728, stack(0x0000004d6a400000,0x0000004d6a500000)]
  0x000001787f0cbb10 JavaThread "Sweeper thread" daemon [_thread_blocked, id=10160, stack(0x0000004d6a500000,0x0000004d6a600000)]
  0x000001787f280130 JavaThread "Common-Cleaner" daemon [_thread_blocked, id=27752, stack(0x0000004d6a600000,0x0000004d6a700000)]
  0x000001787f404e00 JavaThread "JDWP Transport Listener: dt_socket" daemon [_thread_blocked, id=2232, stack(0x0000004d6a700000,0x0000004d6a800000)]
  0x000001787f401af0 JavaThread "JDWP Event Helper Thread" daemon [_thread_blocked, id=26364, stack(0x0000004d6a800000,0x0000004d6a900000)]
  0x000001787f401fe0 JavaThread "JDWP Command Reader" daemon [_thread_in_native, id=8584, stack(0x0000004d6a900000,0x0000004d6aa00000)]
  0x000001787f51eaa0 JavaThread "IntelliJ Suspend Helper" daemon [_thread_blocked, id=17556, stack(0x0000004d6aa00000,0x0000004d6ab00000)]
  0x000001787f5ba1b0 JavaThread "Notification Thread" daemon [_thread_blocked, id=18508, stack(0x0000004d6ab00000,0x0000004d6ac00000)]
  0x000001784e250b60 JavaThread "mysql-cj-abandoned-connection-cleanup" daemon [_thread_blocked, id=26356, stack(0x0000004d6b700000,0x0000004d6b800000)]
  0x0000017849554320 JavaThread "Live Reload Server" daemon [_thread_in_native, id=26028, stack(0x0000004d6c300000,0x0000004d6c400000)]
  0x0000017849559e40 JavaThread "DestroyJavaVM" [_thread_blocked, id=11908, stack(0x0000004d69600000,0x0000004d69700000)]
  0x000001784dddf980 JavaThread "Thread-5" [_thread_blocked, id=17204, stack(0x0000004d69300000,0x0000004d69400000)]

Other Threads:
  0x000001787f094580 VMThread "VM Thread" [stack: 0x0000004d69c00000,0x0000004d69d00000] [id=26900]
  0x000001787f5180f0 WatcherThread [stack: 0x0000004d6ac00000,0x0000004d6ad00000] [id=20304]
  0x000001785e4dc7e0 GCTaskThread "GC Thread#0" [stack: 0x0000004d69700000,0x0000004d69800000] [id=28236]
  0x000001784770ade0 GCTaskThread "GC Thread#1" [stack: 0x0000004d6ae00000,0x0000004d6af00000] [id=10956]
  0x0000017847611770 GCTaskThread "GC Thread#2" [stack: 0x0000004d6af00000,0x0000004d6b000000] [id=27176]
  0x0000017847706690 GCTaskThread "GC Thread#3" [stack: 0x0000004d6b000000,0x0000004d6b100000] [id=23088]
=>0x00000178476dfc00 GCTaskThread "GC Thread#4" [stack: 0x0000004d6b100000,0x0000004d6b200000] [id=15992]
  0x0000017847695990 GCTaskThread "GC Thread#5" [stack: 0x0000004d6b200000,0x0000004d6b300000] [id=4568]
  0x000001784769f730 GCTaskThread "GC Thread#6" [stack: 0x0000004d6b300000,0x0000004d6b400000] [id=11824]
  0x000001784769f9f0 GCTaskThread "GC Thread#7" [stack: 0x0000004d6b400000,0x0000004d6b500000] [id=22956]
  0x000001785e4ed540 ConcurrentGCThread "G1 Main Marker" [stack: 0x0000004d69800000,0x0000004d69900000] [id=16668]
  0x000001785e4efc30 ConcurrentGCThread "G1 Conc#0" [stack: 0x0000004d69900000,0x0000004d69a00000] [id=8820]
  0x0000017847f278b0 ConcurrentGCThread "G1 Conc#1" [stack: 0x0000004d6b900000,0x0000004d6ba00000] [id=4644]
  0x000001785e52dcf0 ConcurrentGCThread "G1 Refine#0" [stack: 0x0000004d69a00000,0x0000004d69b00000] [id=12540]
  0x00000178490c2970 ConcurrentGCThread "G1 Refine#1" [stack: 0x0000004d6bc00000,0x0000004d6bd00000] [id=27640]
  0x000001785e52e720 ConcurrentGCThread "G1 Service" [stack: 0x0000004d69b00000,0x0000004d69c00000] [id=23260]

Threads with active compile tasks:
C2 CompilerThread0   803438 19363   !   4       org.springframework.util.ConcurrentReferenceHashMap$Segment::clear (69 bytes)
C1 CompilerThread0   803438 19367       3       java.lang.Exception::<init> (5 bytes)

VM state: at safepoint (normal execution)

VM Mutex/Monitor currently owned by a thread:  ([mutex/lock_event])
[0x000001785e46ac90] Threads_lock - owner thread: 0x000001787f094580
[0x000001785e46aa50] Heap_lock - owner thread: 0x000001784dddf980

Heap address: 0x0000000701e00000, size: 4066 MB, Compressed Oops mode: Zero based, Oop shift amount: 3

CDS archive(s) mapped at: [0x0000017802000000-0x0000017802bd0000-0x0000017802bd0000), size 12386304, SharedBaseAddress: 0x0000017802000000, ArchiveRelocationMode: 1.
Compressed class space mapped at: 0x0000017803000000-0x0000017843000000, reserved size: 1073741824
Narrow klass base: 0x0000017802000000, Narrow klass shift: 0, Narrow klass range: 0x100000000

GC Precious Log:
 CPUs: 8 total, 8 available
 Memory: 16259M
 Large Page Support: Disabled
 NUMA Support: Disabled
 Compressed Oops: Enabled (Zero based)
 Heap Region Size: 2M
 Heap Min Capacity: 8M
 Heap Initial Capacity: 256M
 Heap Max Capacity: 4066M
 Pre-touch: Disabled
 Parallel Workers: 8
 Concurrent Workers: 2
 Concurrent Refinement Workers: 8
 Periodic GC: Disabled

Heap:
 garbage-first heap   total 745472K, used 589646K [0x0000000701e00000, 0x0000000800000000)
  region size 2048K, 216 young (442368K), 5 survivors (10240K)
 Metaspace       used 113977K, committed 114944K, reserved 1179648K
  class space    used 13898K, committed 14400K, reserved 1048576K

Heap Regions: E=young(eden), S=young(survivor), O=old, HS=humongous(starts), HC=humongous(continues), CS=collection set, F=free, OA=open archive, CA=closed archive, TAMS=top-at-mark-start (previous, next)
|   0|0x0000000701e00000, 0x0000000702000000, 0x0000000702000000|100%| O|  |TAMS 0x0000000702000000, 0x0000000701e00000| Untracked 
|   1|0x0000000702000000, 0x0000000702200000, 0x0000000702200000|100%| O|  |TAMS 0x0000000702200000, 0x0000000702000000| Untracked 
|   2|0x0000000702200000, 0x0000000702400000, 0x0000000702400000|100%| O|  |TAMS 0x0000000702400000, 0x0000000702200000| Untracked 
|   3|0x0000000702400000, 0x0000000702600000, 0x0000000702600000|100%| O|  |TAMS 0x0000000702400000, 0x0000000702400000| Untracked 
|   4|0x0000000702600000, 0x0000000702800000, 0x0000000702800000|100%| O|  |TAMS 0x0000000702800000, 0x0000000702600000| Untracked 
|   5|0x0000000702800000, 0x0000000702a00000, 0x0000000702a00000|100%| O|  |TAMS 0x0000000702a00000, 0x0000000702800000| Untracked 
|   6|0x0000000702a00000, 0x0000000702c00000, 0x0000000702c00000|100%| O|  |TAMS 0x0000000702c00000, 0x0000000702a00000| Untracked 
|   7|0x0000000702c00000, 0x0000000702e00000, 0x0000000702e00000|100%| O|  |TAMS 0x0000000702e00000, 0x0000000702c00000| Untracked 
|   8|0x0000000702e00000, 0x0000000703000000, 0x0000000703000000|100%| O|  |TAMS 0x0000000703000000, 0x0000000702e00000| Untracked 
|   9|0x0000000703000000, 0x0000000703200000, 0x0000000703200000|100%| O|  |TAMS 0x0000000703200000, 0x0000000703000000| Untracked 
|  10|0x0000000703200000, 0x00000007033d3200, 0x0000000703400000| 91%| O|  |TAMS 0x00000007033d3200, 0x0000000703200000| Untracked 
|  11|0x0000000703400000, 0x0000000703600000, 0x0000000703600000|100%| O|  |TAMS 0x0000000703600000, 0x0000000703400000| Untracked 
|  12|0x0000000703600000, 0x0000000703800000, 0x0000000703800000|100%| O|  |TAMS 0x0000000703800000, 0x0000000703600000| Untracked 
|  13|0x0000000703800000, 0x0000000703a00000, 0x0000000703a00000|100%| O|  |TAMS 0x0000000703a00000, 0x0000000703800000| Untracked 
|  14|0x0000000703a00000, 0x0000000703c00000, 0x0000000703c00000|100%| O|  |TAMS 0x0000000703c00000, 0x0000000703a00000| Untracked 
|  15|0x0000000703c00000, 0x0000000703e00000, 0x0000000703e00000|100%| O|  |TAMS 0x0000000703e00000, 0x0000000703c00000| Untracked 
|  16|0x0000000703e00000, 0x0000000704000000, 0x0000000704000000|100%| O|  |TAMS 0x0000000704000000, 0x0000000703e00000| Untracked 
|  17|0x0000000704000000, 0x0000000704200000, 0x0000000704200000|100%| O|  |TAMS 0x0000000704200000, 0x0000000704000000| Untracked 
|  18|0x0000000704200000, 0x0000000704400000, 0x0000000704400000|100%| O|  |TAMS 0x0000000704400000, 0x0000000704200000| Untracked 
|  19|0x0000000704400000, 0x0000000704600000, 0x0000000704600000|100%| O|  |TAMS 0x0000000704600000, 0x0000000704400000| Untracked 
|  20|0x0000000704600000, 0x0000000704800000, 0x0000000704800000|100%| O|  |TAMS 0x0000000704800000, 0x0000000704600000| Untracked 
|  21|0x0000000704800000, 0x0000000704a00000, 0x0000000704a00000|100%| O|  |TAMS 0x0000000704a00000, 0x0000000704800000| Untracked 
|  22|0x0000000704a00000, 0x0000000704c00000, 0x0000000704c00000|100%| O|  |TAMS 0x0000000704c00000, 0x0000000704a00000| Untracked 
|  23|0x0000000704c00000, 0x0000000704e00000, 0x0000000704e00000|100%| O|  |TAMS 0x0000000704e00000, 0x0000000704c00000| Untracked 
|  24|0x0000000704e00000, 0x0000000705000000, 0x0000000705000000|100%| O|  |TAMS 0x0000000705000000, 0x0000000704e00000| Untracked 
|  25|0x0000000705000000, 0x0000000705200000, 0x0000000705200000|100%| O|  |TAMS 0x0000000705200000, 0x0000000705000000| Untracked 
|  26|0x0000000705200000, 0x0000000705400000, 0x0000000705400000|100%| O|  |TAMS 0x0000000705400000, 0x0000000705200000| Untracked 
|  27|0x0000000705400000, 0x0000000705600000, 0x0000000705600000|100%| O|  |TAMS 0x0000000705600000, 0x0000000705400000| Untracked 
|  28|0x0000000705600000, 0x0000000705600000, 0x0000000705800000|  0%| F|  |TAMS 0x0000000705600000, 0x0000000705600000| Untracked 
|  29|0x0000000705800000, 0x0000000705a00000, 0x0000000705a00000|100%| O|  |TAMS 0x0000000705a00000, 0x0000000705800000| Untracked 
|  30|0x0000000705a00000, 0x0000000705c00000, 0x0000000705c00000|100%| O|  |TAMS 0x0000000705c00000, 0x0000000705a00000| Untracked 
|  31|0x0000000705c00000, 0x0000000705e00000, 0x0000000705e00000|100%| O|  |TAMS 0x0000000705e00000, 0x0000000705c00000| Untracked 
|  32|0x0000000705e00000, 0x0000000706000000, 0x0000000706000000|100%| O|  |TAMS 0x0000000706000000, 0x0000000705e00000| Untracked 
|  33|0x0000000706000000, 0x0000000706200000, 0x0000000706200000|100%| O|  |TAMS 0x0000000706000000, 0x0000000706000000| Untracked 
|  34|0x0000000706200000, 0x0000000706400000, 0x0000000706400000|100%| O|  |TAMS 0x0000000706400000, 0x0000000706200000| Untracked 
|  35|0x0000000706400000, 0x0000000706600000, 0x0000000706600000|100%| O|  |TAMS 0x0000000706600000, 0x0000000706400000| Untracked 
|  36|0x0000000706600000, 0x0000000706800000, 0x0000000706800000|100%| O|  |TAMS 0x0000000706800000, 0x0000000706600000| Untracked 
|  37|0x0000000706800000, 0x0000000706a00000, 0x0000000706a00000|100%| O|  |TAMS 0x0000000706a00000, 0x0000000706800000| Untracked 
|  38|0x0000000706a00000, 0x0000000706c00000, 0x0000000706c00000|100%| O|  |TAMS 0x0000000706c00000, 0x0000000706a00000| Untracked 
|  39|0x0000000706c00000, 0x0000000706e00000, 0x0000000706e00000|100%| O|  |TAMS 0x0000000706e00000, 0x0000000706c00000| Untracked 
|  40|0x0000000706e00000, 0x0000000707000000, 0x0000000707000000|100%| O|  |TAMS 0x0000000707000000, 0x0000000706e00000| Untracked 
|  41|0x0000000707000000, 0x0000000707200000, 0x0000000707200000|100%| O|  |TAMS 0x0000000707200000, 0x0000000707000000| Untracked 
|  42|0x0000000707200000, 0x0000000707400000, 0x0000000707400000|100%| O|  |TAMS 0x0000000707400000, 0x0000000707200000| Untracked 
|  43|0x0000000707400000, 0x0000000707600000, 0x0000000707600000|100%| O|  |TAMS 0x0000000707600000, 0x0000000707400000| Untracked 
|  44|0x0000000707600000, 0x0000000707800000, 0x0000000707800000|100%| O|  |TAMS 0x0000000707800000, 0x0000000707600000| Untracked 
|  45|0x0000000707800000, 0x0000000707a00000, 0x0000000707a00000|100%| O|  |TAMS 0x0000000707a00000, 0x0000000707800000| Untracked 
|  46|0x0000000707a00000, 0x0000000707c00000, 0x0000000707c00000|100%| O|  |TAMS 0x0000000707c00000, 0x0000000707a00000| Untracked 
|  47|0x0000000707c00000, 0x0000000707e00000, 0x0000000707e00000|100%| O|  |TAMS 0x0000000707e00000, 0x0000000707c00000| Untracked 
|  48|0x0000000707e00000, 0x0000000708000000, 0x0000000708000000|100%| O|  |TAMS 0x0000000708000000, 0x0000000707e00000| Untracked 
|  49|0x0000000708000000, 0x0000000708200000, 0x0000000708200000|100%| O|  |TAMS 0x0000000708200000, 0x0000000708000000| Untracked 
|  50|0x0000000708200000, 0x0000000708400000, 0x0000000708400000|100%| O|  |TAMS 0x0000000708400000, 0x0000000708200000| Untracked 
|  51|0x0000000708400000, 0x0000000708600000, 0x0000000708600000|100%| O|  |TAMS 0x0000000708600000, 0x0000000708400000| Untracked 
|  52|0x0000000708600000, 0x0000000708800000, 0x0000000708800000|100%| O|  |TAMS 0x0000000708800000, 0x0000000708600000| Untracked 
|  53|0x0000000708800000, 0x0000000708a00000, 0x0000000708a00000|100%| O|  |TAMS 0x0000000708a00000, 0x0000000708800000| Untracked 
|  54|0x0000000708a00000, 0x0000000708c00000, 0x0000000708c00000|100%| O|  |TAMS 0x0000000708c00000, 0x0000000708a00000| Untracked 
|  55|0x0000000708c00000, 0x0000000708e00000, 0x0000000708e00000|100%| O|  |TAMS 0x0000000708e00000, 0x0000000708c00000| Untracked 
|  56|0x0000000708e00000, 0x0000000709000000, 0x0000000709000000|100%| O|  |TAMS 0x0000000709000000, 0x0000000708e00000| Untracked 
|  57|0x0000000709000000, 0x0000000709200000, 0x0000000709200000|100%| O|  |TAMS 0x0000000709200000, 0x0000000709000000| Untracked 
|  58|0x0000000709200000, 0x0000000709400000, 0x0000000709400000|100%| O|  |TAMS 0x0000000709400000, 0x0000000709200000| Untracked 
|  59|0x0000000709400000, 0x0000000709400000, 0x0000000709600000|  0%| F|  |TAMS 0x0000000709400000, 0x0000000709400000| Untracked 
|  60|0x0000000709600000, 0x0000000709800000, 0x0000000709800000|100%| O|  |TAMS 0x0000000709600000, 0x0000000709600000| Untracked 
|  61|0x0000000709800000, 0x0000000709a00000, 0x0000000709a00000|100%| O|  |TAMS 0x0000000709800000, 0x0000000709800000| Untracked 
|  62|0x0000000709a00000, 0x0000000709c00000, 0x0000000709c00000|100%| O|  |TAMS 0x0000000709a00000, 0x0000000709a00000| Untracked 
|  63|0x0000000709c00000, 0x0000000709e00000, 0x0000000709e00000|100%| O|  |TAMS 0x0000000709c00000, 0x0000000709c00000| Untracked 
|  64|0x0000000709e00000, 0x000000070a000000, 0x000000070a000000|100%| O|  |TAMS 0x0000000709e00000, 0x0000000709e00000| Untracked 
|  65|0x000000070a000000, 0x000000070a200000, 0x000000070a200000|100%| O|  |TAMS 0x000000070a000000, 0x000000070a000000| Untracked 
|  66|0x000000070a200000, 0x000000070a400000, 0x000000070a400000|100%| O|  |TAMS 0x000000070a200000, 0x000000070a200000| Untracked 
|  67|0x000000070a400000, 0x000000070a600000, 0x000000070a600000|100%| O|  |TAMS 0x000000070a400000, 0x000000070a400000| Untracked 
|  68|0x000000070a600000, 0x000000070a800000, 0x000000070a800000|100%| O|  |TAMS 0x000000070a600000, 0x000000070a600000| Untracked 
|  69|0x000000070a800000, 0x000000070aa00000, 0x000000070aa00000|100%| O|  |TAMS 0x000000070a800000, 0x000000070a800000| Untracked 
|  70|0x000000070aa00000, 0x000000070ac00000, 0x000000070ac00000|100%| O|  |TAMS 0x000000070aa00000, 0x000000070aa00000| Untracked 
|  71|0x000000070ac00000, 0x000000070ae00000, 0x000000070ae00000|100%| O|  |TAMS 0x000000070ac00000, 0x000000070ac00000| Untracked 
|  72|0x000000070ae00000, 0x000000070b000000, 0x000000070b000000|100%| O|  |TAMS 0x000000070ae00000, 0x000000070ae00000| Untracked 
|  73|0x000000070b000000, 0x000000070b200000, 0x000000070b200000|100%| O|  |TAMS 0x000000070b000000, 0x000000070b000000| Untracked 
|  74|0x000000070b200000, 0x000000070b400000, 0x000000070b400000|100%| O|  |TAMS 0x000000070b200000, 0x000000070b200000| Untracked 
|  75|0x000000070b400000, 0x000000070b400000, 0x000000070b600000|  0%| F|  |TAMS 0x000000070b400000, 0x000000070b400000| Untracked 
|  76|0x000000070b600000, 0x000000070b600000, 0x000000070b800000|  0%| F|  |TAMS 0x000000070b600000, 0x000000070b600000| Untracked 
|  77|0x000000070b800000, 0x000000070b800000, 0x000000070ba00000|  0%| F|  |TAMS 0x000000070b800000, 0x000000070b800000| Untracked 
|  78|0x000000070ba00000, 0x000000070ba00000, 0x000000070bc00000|  0%| F|  |TAMS 0x000000070ba00000, 0x000000070ba00000| Untracked 
|  79|0x000000070bc00000, 0x000000070bc00000, 0x000000070be00000|  0%| F|  |TAMS 0x000000070bc00000, 0x000000070bc00000| Untracked 
|  80|0x000000070be00000, 0x000000070be00000, 0x000000070c000000|  0%| F|  |TAMS 0x000000070be00000, 0x000000070be00000| Untracked 
|  81|0x000000070c000000, 0x000000070c000000, 0x000000070c200000|  0%| F|  |TAMS 0x000000070c000000, 0x000000070c000000| Untracked 
|  82|0x000000070c200000, 0x000000070c200000, 0x000000070c400000|  0%| F|  |TAMS 0x000000070c200000, 0x000000070c200000| Untracked 
|  83|0x000000070c400000, 0x000000070c400000, 0x000000070c600000|  0%| F|  |TAMS 0x000000070c400000, 0x000000070c400000| Untracked 
|  84|0x000000070c600000, 0x000000070c600000, 0x000000070c800000|  0%| F|  |TAMS 0x000000070c600000, 0x000000070c600000| Untracked 
|  85|0x000000070c800000, 0x000000070c800000, 0x000000070ca00000|  0%| F|  |TAMS 0x000000070c800000, 0x000000070c800000| Untracked 
|  86|0x000000070ca00000, 0x000000070ca00000, 0x000000070cc00000|  0%| F|  |TAMS 0x000000070ca00000, 0x000000070ca00000| Untracked 
|  87|0x000000070cc00000, 0x000000070cc00000, 0x000000070ce00000|  0%| F|  |TAMS 0x000000070cc00000, 0x000000070cc00000| Untracked 
|  88|0x000000070ce00000, 0x000000070ce00000, 0x000000070d000000|  0%| F|  |TAMS 0x000000070ce00000, 0x000000070ce00000| Untracked 
|  89|0x000000070d000000, 0x000000070d000000, 0x000000070d200000|  0%| F|  |TAMS 0x000000070d000000, 0x000000070d000000| Untracked 
|  90|0x000000070d200000, 0x000000070d200000, 0x000000070d400000|  0%| F|  |TAMS 0x000000070d200000, 0x000000070d200000| Untracked 
|  91|0x000000070d400000, 0x000000070d400000, 0x000000070d600000|  0%| F|  |TAMS 0x000000070d400000, 0x000000070d400000| Untracked 
|  92|0x000000070d600000, 0x000000070d600000, 0x000000070d800000|  0%| F|  |TAMS 0x000000070d600000, 0x000000070d600000| Untracked 
|  93|0x000000070d800000, 0x000000070d800000, 0x000000070da00000|  0%| F|  |TAMS 0x000000070d800000, 0x000000070d800000| Untracked 
|  94|0x000000070da00000, 0x000000070da00000, 0x000000070dc00000|  0%| F|  |TAMS 0x000000070da00000, 0x000000070da00000| Untracked 
|  95|0x000000070dc00000, 0x000000070dc00000, 0x000000070de00000|  0%| F|  |TAMS 0x000000070dc00000, 0x000000070dc00000| Untracked 
|  96|0x000000070de00000, 0x000000070de00000, 0x000000070e000000|  0%| F|  |TAMS 0x000000070de00000, 0x000000070de00000| Untracked 
|  97|0x000000070e000000, 0x000000070e000000, 0x000000070e200000|  0%| F|  |TAMS 0x000000070e000000, 0x000000070e000000| Untracked 
|  98|0x000000070e200000, 0x000000070e200000, 0x000000070e400000|  0%| F|  |TAMS 0x000000070e200000, 0x000000070e200000| Untracked 
|  99|0x000000070e400000, 0x000000070e400000, 0x000000070e600000|  0%| F|  |TAMS 0x000000070e400000, 0x000000070e400000| Untracked 
| 100|0x000000070e600000, 0x000000070e600000, 0x000000070e800000|  0%| F|  |TAMS 0x000000070e600000, 0x000000070e600000| Untracked 
| 101|0x000000070e800000, 0x000000070e800000, 0x000000070ea00000|  0%| F|  |TAMS 0x000000070e800000, 0x000000070e800000| Untracked 
| 102|0x000000070ea00000, 0x000000070ea00000, 0x000000070ec00000|  0%| F|  |TAMS 0x000000070ea00000, 0x000000070ea00000| Untracked 
| 103|0x000000070ec00000, 0x000000070ec00000, 0x000000070ee00000|  0%| F|  |TAMS 0x000000070ec00000, 0x000000070ec00000| Untracked 
| 104|0x000000070ee00000, 0x000000070ee00000, 0x000000070f000000|  0%| F|  |TAMS 0x000000070ee00000, 0x000000070ee00000| Untracked 
| 105|0x000000070f000000, 0x000000070f000000, 0x000000070f200000|  0%| F|  |TAMS 0x000000070f000000, 0x000000070f000000| Untracked 
| 106|0x000000070f200000, 0x000000070f200000, 0x000000070f400000|  0%| F|  |TAMS 0x000000070f200000, 0x000000070f200000| Untracked 
| 107|0x000000070f400000, 0x000000070f400000, 0x000000070f600000|  0%| F|  |TAMS 0x000000070f400000, 0x000000070f400000| Untracked 
| 108|0x000000070f600000, 0x000000070f600000, 0x000000070f800000|  0%| F|  |TAMS 0x000000070f600000, 0x000000070f600000| Untracked 
| 109|0x000000070f800000, 0x000000070f800000, 0x000000070fa00000|  0%| F|  |TAMS 0x000000070f800000, 0x000000070f800000| Untracked 
| 110|0x000000070fa00000, 0x000000070fa00000, 0x000000070fc00000|  0%| F|  |TAMS 0x000000070fa00000, 0x000000070fa00000| Untracked 
| 111|0x000000070fc00000, 0x000000070fc00000, 0x000000070fe00000|  0%| F|  |TAMS 0x000000070fc00000, 0x000000070fc00000| Untracked 
| 112|0x000000070fe00000, 0x000000070fe00000, 0x0000000710000000|  0%| F|  |TAMS 0x000000070fe00000, 0x000000070fe00000| Untracked 
| 113|0x0000000710000000, 0x0000000710000000, 0x0000000710200000|  0%| F|  |TAMS 0x0000000710000000, 0x0000000710000000| Untracked 
| 114|0x0000000710200000, 0x0000000710200000, 0x0000000710400000|  0%| F|  |TAMS 0x0000000710200000, 0x0000000710200000| Untracked 
| 115|0x0000000710400000, 0x0000000710400000, 0x0000000710600000|  0%| F|  |TAMS 0x0000000710400000, 0x0000000710400000| Untracked 
| 116|0x0000000710600000, 0x0000000710600000, 0x0000000710800000|  0%| F|  |TAMS 0x0000000710600000, 0x0000000710600000| Untracked 
| 117|0x0000000710800000, 0x0000000710800000, 0x0000000710a00000|  0%| F|  |TAMS 0x0000000710800000, 0x0000000710800000| Untracked 
| 118|0x0000000710a00000, 0x0000000710a00000, 0x0000000710c00000|  0%| F|  |TAMS 0x0000000710a00000, 0x0000000710a00000| Untracked 
| 119|0x0000000710c00000, 0x0000000710c00000, 0x0000000710e00000|  0%| F|  |TAMS 0x0000000710c00000, 0x0000000710c00000| Untracked 
| 120|0x0000000710e00000, 0x0000000710e00000, 0x0000000711000000|  0%| F|  |TAMS 0x0000000710e00000, 0x0000000710e00000| Untracked 
| 121|0x0000000711000000, 0x0000000711000000, 0x0000000711200000|  0%| F|  |TAMS 0x0000000711000000, 0x0000000711000000| Untracked 
| 122|0x0000000711200000, 0x0000000711200000, 0x0000000711400000|  0%| F|  |TAMS 0x0000000711200000, 0x0000000711200000| Untracked 
| 123|0x0000000711400000, 0x0000000711400000, 0x0000000711600000|  0%| F|  |TAMS 0x0000000711400000, 0x0000000711400000| Untracked 
| 124|0x0000000711600000, 0x0000000711600000, 0x0000000711800000|  0%| F|  |TAMS 0x0000000711600000, 0x0000000711600000| Untracked 
| 125|0x0000000711800000, 0x0000000711800000, 0x0000000711a00000|  0%| F|  |TAMS 0x0000000711800000, 0x0000000711800000| Untracked 
| 126|0x0000000711a00000, 0x0000000711a00000, 0x0000000711c00000|  0%| F|  |TAMS 0x0000000711a00000, 0x0000000711a00000| Untracked 
| 127|0x0000000711c00000, 0x0000000711c00000, 0x0000000711e00000|  0%| F|  |TAMS 0x0000000711c00000, 0x0000000711c00000| Untracked 
| 128|0x0000000711e00000, 0x0000000711e00000, 0x0000000712000000|  0%| F|  |TAMS 0x0000000711e00000, 0x0000000711e00000| Untracked 
| 129|0x0000000712000000, 0x0000000712000000, 0x0000000712200000|  0%| F|  |TAMS 0x0000000712000000, 0x0000000712000000| Untracked 
| 130|0x0000000712200000, 0x0000000712200000, 0x0000000712400000|  0%| F|  |TAMS 0x0000000712200000, 0x0000000712200000| Untracked 
| 131|0x0000000712400000, 0x0000000712400000, 0x0000000712600000|  0%| F|  |TAMS 0x0000000712400000, 0x0000000712400000| Untracked 
| 132|0x0000000712600000, 0x0000000712600000, 0x0000000712800000|  0%| F|  |TAMS 0x0000000712600000, 0x0000000712600000| Untracked 
| 133|0x0000000712800000, 0x0000000712800000, 0x0000000712a00000|  0%| F|  |TAMS 0x0000000712800000, 0x0000000712800000| Untracked 
| 134|0x0000000712a00000, 0x0000000712a00000, 0x0000000712c00000|  0%| F|  |TAMS 0x0000000712a00000, 0x0000000712a00000| Untracked 
| 135|0x0000000712c00000, 0x0000000712c00000, 0x0000000712e00000|  0%| F|  |TAMS 0x0000000712c00000, 0x0000000712c00000| Untracked 
| 136|0x0000000712e00000, 0x0000000712e00000, 0x0000000713000000|  0%| F|  |TAMS 0x0000000712e00000, 0x0000000712e00000| Untracked 
| 137|0x0000000713000000, 0x0000000713000000, 0x0000000713200000|  0%| F|  |TAMS 0x0000000713000000, 0x0000000713000000| Untracked 
| 138|0x0000000713200000, 0x0000000713200000, 0x0000000713400000|  0%| F|  |TAMS 0x0000000713200000, 0x0000000713200000| Untracked 
| 139|0x0000000713400000, 0x0000000713400000, 0x0000000713600000|  0%| F|  |TAMS 0x0000000713400000, 0x0000000713400000| Untracked 
| 140|0x0000000713600000, 0x0000000713600000, 0x0000000713800000|  0%| F|  |TAMS 0x0000000713600000, 0x0000000713600000| Untracked 
| 141|0x0000000713800000, 0x0000000713a00000, 0x0000000713a00000|100%| S|  |TAMS 0x0000000713800000, 0x0000000713800000| Complete 
| 142|0x0000000713a00000, 0x0000000713c00000, 0x0000000713c00000|100%| S|  |TAMS 0x0000000713a00000, 0x0000000713a00000| Complete 
| 143|0x0000000713c00000, 0x0000000713e00000, 0x0000000713e00000|100%| S|  |TAMS 0x0000000713c00000, 0x0000000713c00000| Complete 
| 144|0x0000000713e00000, 0x0000000714000000, 0x0000000714000000|100%| S|  |TAMS 0x0000000713e00000, 0x0000000713e00000| Complete 
| 145|0x0000000714000000, 0x0000000714000000, 0x0000000714200000|  0%| F|  |TAMS 0x0000000714000000, 0x0000000714000000| Untracked 
| 146|0x0000000714200000, 0x0000000714200000, 0x0000000714400000|  0%| F|  |TAMS 0x0000000714200000, 0x0000000714200000| Untracked 
| 147|0x0000000714400000, 0x0000000714400000, 0x0000000714600000|  0%| F|  |TAMS 0x0000000714400000, 0x0000000714400000| Untracked 
| 148|0x0000000714600000, 0x0000000714600000, 0x0000000714800000|  0%| F|  |TAMS 0x0000000714600000, 0x0000000714600000| Untracked 
| 149|0x0000000714800000, 0x0000000714800000, 0x0000000714a00000|  0%| F|  |TAMS 0x0000000714800000, 0x0000000714800000| Untracked 
| 150|0x0000000714a00000, 0x0000000714c00000, 0x0000000714c00000|100%| S|  |TAMS 0x0000000714a00000, 0x0000000714a00000| Complete 
| 151|0x0000000714c00000, 0x0000000714c00000, 0x0000000714e00000|  0%| F|  |TAMS 0x0000000714c00000, 0x0000000714c00000| Untracked 
| 152|0x0000000714e00000, 0x0000000714e00000, 0x0000000715000000|  0%| F|  |TAMS 0x0000000714e00000, 0x0000000714e00000| Untracked 
| 153|0x0000000715000000, 0x0000000715000800, 0x0000000715200000|  0%| E|  |TAMS 0x0000000715000000, 0x0000000715000000| Complete 
| 154|0x0000000715200000, 0x0000000715400000, 0x0000000715400000|100%| E|  |TAMS 0x0000000715200000, 0x0000000715200000| Complete 
| 155|0x0000000715400000, 0x0000000715600000, 0x0000000715600000|100%| E|  |TAMS 0x0000000715400000, 0x0000000715400000| Complete 
| 156|0x0000000715600000, 0x0000000715800000, 0x0000000715800000|100%| E|  |TAMS 0x0000000715600000, 0x0000000715600000| Complete 
| 157|0x0000000715800000, 0x0000000715a00000, 0x0000000715a00000|100%| E|  |TAMS 0x0000000715800000, 0x0000000715800000| Complete 
| 158|0x0000000715a00000, 0x0000000715c00000, 0x0000000715c00000|100%| E|  |TAMS 0x0000000715a00000, 0x0000000715a00000| Complete 
| 159|0x0000000715c00000, 0x0000000715e00000, 0x0000000715e00000|100%| E|  |TAMS 0x0000000715c00000, 0x0000000715c00000| Complete 
| 160|0x0000000715e00000, 0x0000000716000000, 0x0000000716000000|100%| E|  |TAMS 0x0000000715e00000, 0x0000000715e00000| Complete 
| 161|0x0000000716000000, 0x0000000716200000, 0x0000000716200000|100%| E|  |TAMS 0x0000000716000000, 0x0000000716000000| Complete 
| 162|0x0000000716200000, 0x0000000716400000, 0x0000000716400000|100%| E|  |TAMS 0x0000000716200000, 0x0000000716200000| Complete 
| 163|0x0000000716400000, 0x0000000716600000, 0x0000000716600000|100%| E|  |TAMS 0x0000000716400000, 0x0000000716400000| Complete 
| 164|0x0000000716600000, 0x0000000716800000, 0x0000000716800000|100%| E|  |TAMS 0x0000000716600000, 0x0000000716600000| Complete 
| 165|0x0000000716800000, 0x0000000716a00000, 0x0000000716a00000|100%| E|  |TAMS 0x0000000716800000, 0x0000000716800000| Complete 
| 166|0x0000000716a00000, 0x0000000716c00000, 0x0000000716c00000|100%| E|  |TAMS 0x0000000716a00000, 0x0000000716a00000| Complete 
| 167|0x0000000716c00000, 0x0000000716e00000, 0x0000000716e00000|100%| E|  |TAMS 0x0000000716c00000, 0x0000000716c00000| Complete 
| 168|0x0000000716e00000, 0x0000000717000000, 0x0000000717000000|100%| E|  |TAMS 0x0000000716e00000, 0x0000000716e00000| Complete 
| 169|0x0000000717000000, 0x0000000717200000, 0x0000000717200000|100%| E|  |TAMS 0x0000000717000000, 0x0000000717000000| Complete 
| 170|0x0000000717200000, 0x0000000717400000, 0x0000000717400000|100%| E|  |TAMS 0x0000000717200000, 0x0000000717200000| Complete 
| 171|0x0000000717400000, 0x0000000717600000, 0x0000000717600000|100%| E|  |TAMS 0x0000000717400000, 0x0000000717400000| Complete 
| 172|0x0000000717600000, 0x0000000717800000, 0x0000000717800000|100%| E|  |TAMS 0x0000000717600000, 0x0000000717600000| Complete 
| 173|0x0000000717800000, 0x0000000717a00000, 0x0000000717a00000|100%| E|  |TAMS 0x0000000717800000, 0x0000000717800000| Complete 
| 174|0x0000000717a00000, 0x0000000717c00000, 0x0000000717c00000|100%| E|  |TAMS 0x0000000717a00000, 0x0000000717a00000| Complete 
| 175|0x0000000717c00000, 0x0000000717e00000, 0x0000000717e00000|100%| E|  |TAMS 0x0000000717c00000, 0x0000000717c00000| Complete 
| 176|0x0000000717e00000, 0x0000000718000000, 0x0000000718000000|100%| E|  |TAMS 0x0000000717e00000, 0x0000000717e00000| Complete 
| 177|0x0000000718000000, 0x0000000718200000, 0x0000000718200000|100%| E|  |TAMS 0x0000000718000000, 0x0000000718000000| Complete 
| 178|0x0000000718200000, 0x0000000718400000, 0x0000000718400000|100%| E|  |TAMS 0x0000000718200000, 0x0000000718200000| Complete 
| 179|0x0000000718400000, 0x0000000718600000, 0x0000000718600000|100%| E|  |TAMS 0x0000000718400000, 0x0000000718400000| Complete 
| 180|0x0000000718600000, 0x0000000718800000, 0x0000000718800000|100%| E|  |TAMS 0x0000000718600000, 0x0000000718600000| Complete 
| 181|0x0000000718800000, 0x0000000718a00000, 0x0000000718a00000|100%| E|  |TAMS 0x0000000718800000, 0x0000000718800000| Complete 
| 182|0x0000000718a00000, 0x0000000718c00000, 0x0000000718c00000|100%| E|  |TAMS 0x0000000718a00000, 0x0000000718a00000| Complete 
| 183|0x0000000718c00000, 0x0000000718e00000, 0x0000000718e00000|100%| E|  |TAMS 0x0000000718c00000, 0x0000000718c00000| Complete 
| 184|0x0000000718e00000, 0x0000000719000000, 0x0000000719000000|100%| E|  |TAMS 0x0000000718e00000, 0x0000000718e00000| Complete 
| 185|0x0000000719000000, 0x0000000719200000, 0x0000000719200000|100%| E|  |TAMS 0x0000000719000000, 0x0000000719000000| Complete 
| 186|0x0000000719200000, 0x0000000719400000, 0x0000000719400000|100%| E|  |TAMS 0x0000000719200000, 0x0000000719200000| Complete 
| 187|0x0000000719400000, 0x0000000719600000, 0x0000000719600000|100%| E|  |TAMS 0x0000000719400000, 0x0000000719400000| Complete 
| 188|0x0000000719600000, 0x0000000719800000, 0x0000000719800000|100%| E|  |TAMS 0x0000000719600000, 0x0000000719600000| Complete 
| 189|0x0000000719800000, 0x0000000719a00000, 0x0000000719a00000|100%| E|  |TAMS 0x0000000719800000, 0x0000000719800000| Complete 
| 190|0x0000000719a00000, 0x0000000719c00000, 0x0000000719c00000|100%| E|  |TAMS 0x0000000719a00000, 0x0000000719a00000| Complete 
| 191|0x0000000719c00000, 0x0000000719e00000, 0x0000000719e00000|100%| E|  |TAMS 0x0000000719c00000, 0x0000000719c00000| Complete 
| 192|0x0000000719e00000, 0x000000071a000000, 0x000000071a000000|100%| E|  |TAMS 0x0000000719e00000, 0x0000000719e00000| Complete 
| 193|0x000000071a000000, 0x000000071a200000, 0x000000071a200000|100%| E|  |TAMS 0x000000071a000000, 0x000000071a000000| Complete 
| 194|0x000000071a200000, 0x000000071a400000, 0x000000071a400000|100%| E|  |TAMS 0x000000071a200000, 0x000000071a200000| Complete 
| 195|0x000000071a400000, 0x000000071a600000, 0x000000071a600000|100%| E|  |TAMS 0x000000071a400000, 0x000000071a400000| Complete 
| 196|0x000000071a600000, 0x000000071a800000, 0x000000071a800000|100%| E|  |TAMS 0x000000071a600000, 0x000000071a600000| Complete 
| 197|0x000000071a800000, 0x000000071aa00000, 0x000000071aa00000|100%| E|  |TAMS 0x000000071a800000, 0x000000071a800000| Complete 
| 198|0x000000071aa00000, 0x000000071ac00000, 0x000000071ac00000|100%| E|  |TAMS 0x000000071aa00000, 0x000000071aa00000| Complete 
| 199|0x000000071ac00000, 0x000000071ae00000, 0x000000071ae00000|100%| E|  |TAMS 0x000000071ac00000, 0x000000071ac00000| Complete 
| 200|0x000000071ae00000, 0x000000071b000000, 0x000000071b000000|100%| E|  |TAMS 0x000000071ae00000, 0x000000071ae00000| Complete 
| 201|0x000000071b000000, 0x000000071b200000, 0x000000071b200000|100%| E|  |TAMS 0x000000071b000000, 0x000000071b000000| Complete 
| 202|0x000000071b200000, 0x000000071b400000, 0x000000071b400000|100%| E|  |TAMS 0x000000071b200000, 0x000000071b200000| Complete 
| 203|0x000000071b400000, 0x000000071b600000, 0x000000071b600000|100%| E|  |TAMS 0x000000071b400000, 0x000000071b400000| Complete 
| 204|0x000000071b600000, 0x000000071b800000, 0x000000071b800000|100%| E|  |TAMS 0x000000071b600000, 0x000000071b600000| Complete 
| 205|0x000000071b800000, 0x000000071ba00000, 0x000000071ba00000|100%| E|  |TAMS 0x000000071b800000, 0x000000071b800000| Complete 
| 206|0x000000071ba00000, 0x000000071bc00000, 0x000000071bc00000|100%| E|  |TAMS 0x000000071ba00000, 0x000000071ba00000| Complete 
| 207|0x000000071bc00000, 0x000000071be00000, 0x000000071be00000|100%| E|  |TAMS 0x000000071bc00000, 0x000000071bc00000| Complete 
| 208|0x000000071be00000, 0x000000071c000000, 0x000000071c000000|100%| E|  |TAMS 0x000000071be00000, 0x000000071be00000| Complete 
| 209|0x000000071c000000, 0x000000071c200000, 0x000000071c200000|100%| E|  |TAMS 0x000000071c000000, 0x000000071c000000| Complete 
| 210|0x000000071c200000, 0x000000071c400000, 0x000000071c400000|100%| E|  |TAMS 0x000000071c200000, 0x000000071c200000| Complete 
| 211|0x000000071c400000, 0x000000071c600000, 0x000000071c600000|100%| E|  |TAMS 0x000000071c400000, 0x000000071c400000| Complete 
| 212|0x000000071c600000, 0x000000071c800000, 0x000000071c800000|100%| E|  |TAMS 0x000000071c600000, 0x000000071c600000| Complete 
| 213|0x000000071c800000, 0x000000071ca00000, 0x000000071ca00000|100%| E|  |TAMS 0x000000071c800000, 0x000000071c800000| Complete 
| 214|0x000000071ca00000, 0x000000071cc00000, 0x000000071cc00000|100%| E|  |TAMS 0x000000071ca00000, 0x000000071ca00000| Complete 
| 215|0x000000071cc00000, 0x000000071ce00000, 0x000000071ce00000|100%| E|  |TAMS 0x000000071cc00000, 0x000000071cc00000| Complete 
| 216|0x000000071ce00000, 0x000000071d000000, 0x000000071d000000|100%| E|  |TAMS 0x000000071ce00000, 0x000000071ce00000| Complete 
| 217|0x000000071d000000, 0x000000071d200000, 0x000000071d200000|100%| E|  |TAMS 0x000000071d000000, 0x000000071d000000| Complete 
| 218|0x000000071d200000, 0x000000071d400000, 0x000000071d400000|100%| E|  |TAMS 0x000000071d200000, 0x000000071d200000| Complete 
| 219|0x000000071d400000, 0x000000071d600000, 0x000000071d600000|100%| E|  |TAMS 0x000000071d400000, 0x000000071d400000| Complete 
| 220|0x000000071d600000, 0x000000071d800000, 0x000000071d800000|100%| E|  |TAMS 0x000000071d600000, 0x000000071d600000| Complete 
| 221|0x000000071d800000, 0x000000071da00000, 0x000000071da00000|100%| E|  |TAMS 0x000000071d800000, 0x000000071d800000| Complete 
| 222|0x000000071da00000, 0x000000071dc00000, 0x000000071dc00000|100%| E|  |TAMS 0x000000071da00000, 0x000000071da00000| Complete 
| 223|0x000000071dc00000, 0x000000071de00000, 0x000000071de00000|100%| E|  |TAMS 0x000000071dc00000, 0x000000071dc00000| Complete 
| 224|0x000000071de00000, 0x000000071e000000, 0x000000071e000000|100%| E|  |TAMS 0x000000071de00000, 0x000000071de00000| Complete 
| 225|0x000000071e000000, 0x000000071e200000, 0x000000071e200000|100%| E|  |TAMS 0x000000071e000000, 0x000000071e000000| Complete 
| 226|0x000000071e200000, 0x000000071e400000, 0x000000071e400000|100%| E|  |TAMS 0x000000071e200000, 0x000000071e200000| Complete 
| 227|0x000000071e400000, 0x000000071e600000, 0x000000071e600000|100%| E|  |TAMS 0x000000071e400000, 0x000000071e400000| Complete 
| 228|0x000000071e600000, 0x000000071e800000, 0x000000071e800000|100%| E|  |TAMS 0x000000071e600000, 0x000000071e600000| Complete 
| 229|0x000000071e800000, 0x000000071ea00000, 0x000000071ea00000|100%| E|  |TAMS 0x000000071e800000, 0x000000071e800000| Complete 
| 230|0x000000071ea00000, 0x000000071ec00000, 0x000000071ec00000|100%| E|  |TAMS 0x000000071ea00000, 0x000000071ea00000| Complete 
| 231|0x000000071ec00000, 0x000000071ee00000, 0x000000071ee00000|100%| E|  |TAMS 0x000000071ec00000, 0x000000071ec00000| Complete 
| 232|0x000000071ee00000, 0x000000071f000000, 0x000000071f000000|100%| E|  |TAMS 0x000000071ee00000, 0x000000071ee00000| Complete 
| 233|0x000000071f000000, 0x000000071f200000, 0x000000071f200000|100%| E|  |TAMS 0x000000071f000000, 0x000000071f000000| Complete 
| 234|0x000000071f200000, 0x000000071f400000, 0x000000071f400000|100%| E|  |TAMS 0x000000071f200000, 0x000000071f200000| Complete 
| 235|0x000000071f400000, 0x000000071f600000, 0x000000071f600000|100%| E|  |TAMS 0x000000071f400000, 0x000000071f400000| Complete 
| 236|0x000000071f600000, 0x000000071f800000, 0x000000071f800000|100%| E|  |TAMS 0x000000071f600000, 0x000000071f600000| Complete 
| 237|0x000000071f800000, 0x000000071fa00000, 0x000000071fa00000|100%| E|  |TAMS 0x000000071f800000, 0x000000071f800000| Complete 
| 238|0x000000071fa00000, 0x000000071fc00000, 0x000000071fc00000|100%| E|  |TAMS 0x000000071fa00000, 0x000000071fa00000| Complete 
| 239|0x000000071fc00000, 0x000000071fe00000, 0x000000071fe00000|100%| E|  |TAMS 0x000000071fc00000, 0x000000071fc00000| Complete 
| 240|0x000000071fe00000, 0x0000000720000000, 0x0000000720000000|100%| E|  |TAMS 0x000000071fe00000, 0x000000071fe00000| Complete 
| 241|0x0000000720000000, 0x0000000720200000, 0x0000000720200000|100%| E|  |TAMS 0x0000000720000000, 0x0000000720000000| Complete 
| 242|0x0000000720200000, 0x0000000720400000, 0x0000000720400000|100%| E|  |TAMS 0x0000000720200000, 0x0000000720200000| Complete 
| 243|0x0000000720400000, 0x0000000720600000, 0x0000000720600000|100%| E|  |TAMS 0x0000000720400000, 0x0000000720400000| Complete 
| 244|0x0000000720600000, 0x0000000720800000, 0x0000000720800000|100%| E|  |TAMS 0x0000000720600000, 0x0000000720600000| Complete 
| 245|0x0000000720800000, 0x0000000720a00000, 0x0000000720a00000|100%| E|  |TAMS 0x0000000720800000, 0x0000000720800000| Complete 
| 246|0x0000000720a00000, 0x0000000720c00000, 0x0000000720c00000|100%| E|  |TAMS 0x0000000720a00000, 0x0000000720a00000| Complete 
| 247|0x0000000720c00000, 0x0000000720e00000, 0x0000000720e00000|100%| E|  |TAMS 0x0000000720c00000, 0x0000000720c00000| Complete 
| 248|0x0000000720e00000, 0x0000000721000000, 0x0000000721000000|100%| E|  |TAMS 0x0000000720e00000, 0x0000000720e00000| Complete 
| 249|0x0000000721000000, 0x0000000721200000, 0x0000000721200000|100%| E|  |TAMS 0x0000000721000000, 0x0000000721000000| Complete 
| 250|0x0000000721200000, 0x0000000721400000, 0x0000000721400000|100%| E|  |TAMS 0x0000000721200000, 0x0000000721200000| Complete 
| 251|0x0000000721400000, 0x0000000721600000, 0x0000000721600000|100%| E|  |TAMS 0x0000000721400000, 0x0000000721400000| Complete 
| 252|0x0000000721600000, 0x0000000721800000, 0x0000000721800000|100%| E|  |TAMS 0x0000000721600000, 0x0000000721600000| Complete 
| 253|0x0000000721800000, 0x0000000721a00000, 0x0000000721a00000|100%| E|  |TAMS 0x0000000721800000, 0x0000000721800000| Complete 
| 254|0x0000000721a00000, 0x0000000721c00000, 0x0000000721c00000|100%| E|  |TAMS 0x0000000721a00000, 0x0000000721a00000| Complete 
| 255|0x0000000721c00000, 0x0000000721e00000, 0x0000000721e00000|100%| E|  |TAMS 0x0000000721c00000, 0x0000000721c00000| Complete 
| 256|0x0000000721e00000, 0x0000000722000000, 0x0000000722000000|100%| E|  |TAMS 0x0000000721e00000, 0x0000000721e00000| Complete 
| 257|0x0000000722000000, 0x0000000722200000, 0x0000000722200000|100%| E|  |TAMS 0x0000000722000000, 0x0000000722000000| Complete 
| 258|0x0000000722200000, 0x0000000722400000, 0x0000000722400000|100%| E|  |TAMS 0x0000000722200000, 0x0000000722200000| Complete 
| 259|0x0000000722400000, 0x0000000722600000, 0x0000000722600000|100%| E|  |TAMS 0x0000000722400000, 0x0000000722400000| Complete 
| 260|0x0000000722600000, 0x0000000722800000, 0x0000000722800000|100%| E|  |TAMS 0x0000000722600000, 0x0000000722600000| Complete 
| 261|0x0000000722800000, 0x0000000722a00000, 0x0000000722a00000|100%| E|  |TAMS 0x0000000722800000, 0x0000000722800000| Complete 
| 262|0x0000000722a00000, 0x0000000722c00000, 0x0000000722c00000|100%| E|  |TAMS 0x0000000722a00000, 0x0000000722a00000| Complete 
| 263|0x0000000722c00000, 0x0000000722e00000, 0x0000000722e00000|100%| E|  |TAMS 0x0000000722c00000, 0x0000000722c00000| Complete 
| 264|0x0000000722e00000, 0x0000000723000000, 0x0000000723000000|100%| E|  |TAMS 0x0000000722e00000, 0x0000000722e00000| Complete 
| 265|0x0000000723000000, 0x0000000723200000, 0x0000000723200000|100%| E|  |TAMS 0x0000000723000000, 0x0000000723000000| Complete 
| 266|0x0000000723200000, 0x0000000723400000, 0x0000000723400000|100%| E|  |TAMS 0x0000000723200000, 0x0000000723200000| Complete 
| 267|0x0000000723400000, 0x0000000723600000, 0x0000000723600000|100%| E|  |TAMS 0x0000000723400000, 0x0000000723400000| Complete 
| 268|0x0000000723600000, 0x0000000723800000, 0x0000000723800000|100%| E|  |TAMS 0x0000000723600000, 0x0000000723600000| Complete 
| 269|0x0000000723800000, 0x0000000723a00000, 0x0000000723a00000|100%| E|  |TAMS 0x0000000723800000, 0x0000000723800000| Complete 
| 270|0x0000000723a00000, 0x0000000723c00000, 0x0000000723c00000|100%| E|  |TAMS 0x0000000723a00000, 0x0000000723a00000| Complete 
| 271|0x0000000723c00000, 0x0000000723e00000, 0x0000000723e00000|100%| E|  |TAMS 0x0000000723c00000, 0x0000000723c00000| Complete 
| 272|0x0000000723e00000, 0x0000000724000000, 0x0000000724000000|100%| E|  |TAMS 0x0000000723e00000, 0x0000000723e00000| Complete 
| 273|0x0000000724000000, 0x0000000724200000, 0x0000000724200000|100%| E|  |TAMS 0x0000000724000000, 0x0000000724000000| Complete 
| 274|0x0000000724200000, 0x0000000724400000, 0x0000000724400000|100%| E|  |TAMS 0x0000000724200000, 0x0000000724200000| Complete 
| 275|0x0000000724400000, 0x0000000724600000, 0x0000000724600000|100%| E|  |TAMS 0x0000000724400000, 0x0000000724400000| Complete 
| 276|0x0000000724600000, 0x0000000724800000, 0x0000000724800000|100%| E|  |TAMS 0x0000000724600000, 0x0000000724600000| Complete 
| 277|0x0000000724800000, 0x0000000724a00000, 0x0000000724a00000|100%| E|  |TAMS 0x0000000724800000, 0x0000000724800000| Complete 
| 278|0x0000000724a00000, 0x0000000724c00000, 0x0000000724c00000|100%| E|  |TAMS 0x0000000724a00000, 0x0000000724a00000| Complete 
| 279|0x0000000724c00000, 0x0000000724e00000, 0x0000000724e00000|100%| E|  |TAMS 0x0000000724c00000, 0x0000000724c00000| Complete 
| 280|0x0000000724e00000, 0x0000000725000000, 0x0000000725000000|100%| E|  |TAMS 0x0000000724e00000, 0x0000000724e00000| Complete 
| 281|0x0000000725000000, 0x0000000725200000, 0x0000000725200000|100%| E|  |TAMS 0x0000000725000000, 0x0000000725000000| Complete 
| 282|0x0000000725200000, 0x0000000725400000, 0x0000000725400000|100%| E|  |TAMS 0x0000000725200000, 0x0000000725200000| Complete 
| 283|0x0000000725400000, 0x0000000725600000, 0x0000000725600000|100%| E|  |TAMS 0x0000000725400000, 0x0000000725400000| Complete 
| 284|0x0000000725600000, 0x0000000725800000, 0x0000000725800000|100%| E|  |TAMS 0x0000000725600000, 0x0000000725600000| Complete 
| 285|0x0000000725800000, 0x0000000725a00000, 0x0000000725a00000|100%| E|  |TAMS 0x0000000725800000, 0x0000000725800000| Complete 
| 286|0x0000000725a00000, 0x0000000725c00000, 0x0000000725c00000|100%| E|  |TAMS 0x0000000725a00000, 0x0000000725a00000| Complete 
| 287|0x0000000725c00000, 0x0000000725e00000, 0x0000000725e00000|100%| E|  |TAMS 0x0000000725c00000, 0x0000000725c00000| Complete 
| 288|0x0000000725e00000, 0x0000000726000000, 0x0000000726000000|100%| E|  |TAMS 0x0000000725e00000, 0x0000000725e00000| Complete 
| 289|0x0000000726000000, 0x0000000726200000, 0x0000000726200000|100%| E|  |TAMS 0x0000000726000000, 0x0000000726000000| Complete 
| 290|0x0000000726200000, 0x0000000726400000, 0x0000000726400000|100%| E|  |TAMS 0x0000000726200000, 0x0000000726200000| Complete 
| 291|0x0000000726400000, 0x0000000726600000, 0x0000000726600000|100%| E|  |TAMS 0x0000000726400000, 0x0000000726400000| Complete 
| 292|0x0000000726600000, 0x0000000726800000, 0x0000000726800000|100%| E|  |TAMS 0x0000000726600000, 0x0000000726600000| Complete 
| 293|0x0000000726800000, 0x0000000726a00000, 0x0000000726a00000|100%| E|  |TAMS 0x0000000726800000, 0x0000000726800000| Complete 
| 294|0x0000000726a00000, 0x0000000726c00000, 0x0000000726c00000|100%| E|  |TAMS 0x0000000726a00000, 0x0000000726a00000| Complete 
| 295|0x0000000726c00000, 0x0000000726e00000, 0x0000000726e00000|100%| E|  |TAMS 0x0000000726c00000, 0x0000000726c00000| Complete 
| 296|0x0000000726e00000, 0x0000000727000000, 0x0000000727000000|100%| E|  |TAMS 0x0000000726e00000, 0x0000000726e00000| Complete 
| 297|0x0000000727000000, 0x0000000727200000, 0x0000000727200000|100%| E|  |TAMS 0x0000000727000000, 0x0000000727000000| Complete 
| 298|0x0000000727200000, 0x0000000727400000, 0x0000000727400000|100%| E|  |TAMS 0x0000000727200000, 0x0000000727200000| Complete 
| 299|0x0000000727400000, 0x0000000727600000, 0x0000000727600000|100%| E|  |TAMS 0x0000000727400000, 0x0000000727400000| Complete 
| 300|0x0000000727600000, 0x0000000727800000, 0x0000000727800000|100%| E|  |TAMS 0x0000000727600000, 0x0000000727600000| Complete 
| 301|0x0000000727800000, 0x0000000727a00000, 0x0000000727a00000|100%| E|  |TAMS 0x0000000727800000, 0x0000000727800000| Complete 
| 302|0x0000000727a00000, 0x0000000727c00000, 0x0000000727c00000|100%| E|  |TAMS 0x0000000727a00000, 0x0000000727a00000| Complete 
| 303|0x0000000727c00000, 0x0000000727e00000, 0x0000000727e00000|100%| E|  |TAMS 0x0000000727c00000, 0x0000000727c00000| Complete 
| 304|0x0000000727e00000, 0x0000000728000000, 0x0000000728000000|100%| E|  |TAMS 0x0000000727e00000, 0x0000000727e00000| Complete 
| 305|0x0000000728000000, 0x0000000728200000, 0x0000000728200000|100%| E|  |TAMS 0x0000000728000000, 0x0000000728000000| Complete 
| 306|0x0000000728200000, 0x0000000728400000, 0x0000000728400000|100%| E|  |TAMS 0x0000000728200000, 0x0000000728200000| Complete 
| 307|0x0000000728400000, 0x0000000728600000, 0x0000000728600000|100%| E|  |TAMS 0x0000000728400000, 0x0000000728400000| Complete 
| 308|0x0000000728600000, 0x0000000728800000, 0x0000000728800000|100%| E|  |TAMS 0x0000000728600000, 0x0000000728600000| Complete 
| 309|0x0000000728800000, 0x0000000728a00000, 0x0000000728a00000|100%| E|  |TAMS 0x0000000728800000, 0x0000000728800000| Complete 
| 310|0x0000000728a00000, 0x0000000728c00000, 0x0000000728c00000|100%| E|  |TAMS 0x0000000728a00000, 0x0000000728a00000| Complete 
| 311|0x0000000728c00000, 0x0000000728e00000, 0x0000000728e00000|100%| E|  |TAMS 0x0000000728c00000, 0x0000000728c00000| Complete 
| 312|0x0000000728e00000, 0x0000000729000000, 0x0000000729000000|100%| E|  |TAMS 0x0000000728e00000, 0x0000000728e00000| Complete 
| 313|0x0000000729000000, 0x0000000729200000, 0x0000000729200000|100%| E|  |TAMS 0x0000000729000000, 0x0000000729000000| Complete 
| 314|0x0000000729200000, 0x0000000729400000, 0x0000000729400000|100%| E|  |TAMS 0x0000000729200000, 0x0000000729200000| Complete 
| 315|0x0000000729400000, 0x0000000729600000, 0x0000000729600000|100%| E|  |TAMS 0x0000000729400000, 0x0000000729400000| Complete 
| 316|0x0000000729600000, 0x0000000729800000, 0x0000000729800000|100%| E|  |TAMS 0x0000000729600000, 0x0000000729600000| Complete 
| 317|0x0000000729800000, 0x0000000729a00000, 0x0000000729a00000|100%| E|  |TAMS 0x0000000729800000, 0x0000000729800000| Complete 
| 318|0x0000000729a00000, 0x0000000729c00000, 0x0000000729c00000|100%| E|  |TAMS 0x0000000729a00000, 0x0000000729a00000| Complete 
| 319|0x0000000729c00000, 0x0000000729e00000, 0x0000000729e00000|100%| E|  |TAMS 0x0000000729c00000, 0x0000000729c00000| Complete 
| 320|0x0000000729e00000, 0x000000072a000000, 0x000000072a000000|100%| E|  |TAMS 0x0000000729e00000, 0x0000000729e00000| Complete 
| 321|0x000000072a000000, 0x000000072a200000, 0x000000072a200000|100%| E|  |TAMS 0x000000072a000000, 0x000000072a000000| Complete 
| 322|0x000000072a200000, 0x000000072a400000, 0x000000072a400000|100%| E|  |TAMS 0x000000072a200000, 0x000000072a200000| Complete 
| 323|0x000000072a400000, 0x000000072a600000, 0x000000072a600000|100%| E|  |TAMS 0x000000072a400000, 0x000000072a400000| Complete 
| 324|0x000000072a600000, 0x000000072a800000, 0x000000072a800000|100%| E|  |TAMS 0x000000072a600000, 0x000000072a600000| Complete 
| 325|0x000000072a800000, 0x000000072aa00000, 0x000000072aa00000|100%| E|  |TAMS 0x000000072a800000, 0x000000072a800000| Complete 
| 326|0x000000072aa00000, 0x000000072ac00000, 0x000000072ac00000|100%| E|  |TAMS 0x000000072aa00000, 0x000000072aa00000| Complete 
| 327|0x000000072ac00000, 0x000000072ae00000, 0x000000072ae00000|100%| E|  |TAMS 0x000000072ac00000, 0x000000072ac00000| Complete 
| 328|0x000000072ae00000, 0x000000072b000000, 0x000000072b000000|100%| E|  |TAMS 0x000000072ae00000, 0x000000072ae00000| Complete 
| 329|0x000000072b000000, 0x000000072b200000, 0x000000072b200000|100%| E|  |TAMS 0x000000072b000000, 0x000000072b000000| Complete 
| 330|0x000000072b200000, 0x000000072b400000, 0x000000072b400000|100%| E|  |TAMS 0x000000072b200000, 0x000000072b200000| Complete 
| 331|0x000000072b400000, 0x000000072b600000, 0x000000072b600000|100%| E|  |TAMS 0x000000072b400000, 0x000000072b400000| Complete 
| 332|0x000000072b600000, 0x000000072b800000, 0x000000072b800000|100%| E|  |TAMS 0x000000072b600000, 0x000000072b600000| Complete 
| 333|0x000000072b800000, 0x000000072ba00000, 0x000000072ba00000|100%| E|  |TAMS 0x000000072b800000, 0x000000072b800000| Complete 
| 334|0x000000072ba00000, 0x000000072bc00000, 0x000000072bc00000|100%| E|  |TAMS 0x000000072ba00000, 0x000000072ba00000| Complete 
| 335|0x000000072bc00000, 0x000000072be00000, 0x000000072be00000|100%| E|  |TAMS 0x000000072bc00000, 0x000000072bc00000| Complete 
| 336|0x000000072be00000, 0x000000072c000000, 0x000000072c000000|100%| E|  |TAMS 0x000000072be00000, 0x000000072be00000| Complete 
| 337|0x000000072c000000, 0x000000072c200000, 0x000000072c200000|100%| E|  |TAMS 0x000000072c000000, 0x000000072c000000| Complete 
| 338|0x000000072c200000, 0x000000072c400000, 0x000000072c400000|100%| E|  |TAMS 0x000000072c200000, 0x000000072c200000| Complete 
| 339|0x000000072c400000, 0x000000072c600000, 0x000000072c600000|100%| E|  |TAMS 0x000000072c400000, 0x000000072c400000| Complete 
| 340|0x000000072c600000, 0x000000072c800000, 0x000000072c800000|100%| E|  |TAMS 0x000000072c600000, 0x000000072c600000| Complete 
| 341|0x000000072c800000, 0x000000072ca00000, 0x000000072ca00000|100%| E|  |TAMS 0x000000072c800000, 0x000000072c800000| Complete 
| 342|0x000000072ca00000, 0x000000072cc00000, 0x000000072cc00000|100%| E|  |TAMS 0x000000072ca00000, 0x000000072ca00000| Complete 
| 343|0x000000072cc00000, 0x000000072ce00000, 0x000000072ce00000|100%| E|  |TAMS 0x000000072cc00000, 0x000000072cc00000| Complete 
| 344|0x000000072ce00000, 0x000000072d000000, 0x000000072d000000|100%| E|  |TAMS 0x000000072ce00000, 0x000000072ce00000| Complete 
| 345|0x000000072d000000, 0x000000072d200000, 0x000000072d200000|100%| E|  |TAMS 0x000000072d000000, 0x000000072d000000| Complete 
| 346|0x000000072d200000, 0x000000072d400000, 0x000000072d400000|100%| E|  |TAMS 0x000000072d200000, 0x000000072d200000| Complete 
| 347|0x000000072d400000, 0x000000072d600000, 0x000000072d600000|100%| E|  |TAMS 0x000000072d400000, 0x000000072d400000| Complete 
| 348|0x000000072d600000, 0x000000072d800000, 0x000000072d800000|100%| E|  |TAMS 0x000000072d600000, 0x000000072d600000| Complete 
| 349|0x000000072d800000, 0x000000072da00000, 0x000000072da00000|100%| E|  |TAMS 0x000000072d800000, 0x000000072d800000| Complete 
| 350|0x000000072da00000, 0x000000072dc00000, 0x000000072dc00000|100%| E|  |TAMS 0x000000072da00000, 0x000000072da00000| Complete 
| 351|0x000000072dc00000, 0x000000072de00000, 0x000000072de00000|100%| E|  |TAMS 0x000000072dc00000, 0x000000072dc00000| Complete 
| 352|0x000000072de00000, 0x000000072e000000, 0x000000072e000000|100%| E|  |TAMS 0x000000072de00000, 0x000000072de00000| Complete 
| 353|0x000000072e000000, 0x000000072e200000, 0x000000072e200000|100%| E|  |TAMS 0x000000072e000000, 0x000000072e000000| Complete 
| 354|0x000000072e200000, 0x000000072e400000, 0x000000072e400000|100%| E|  |TAMS 0x000000072e200000, 0x000000072e200000| Complete 
| 355|0x000000072e400000, 0x000000072e600000, 0x000000072e600000|100%| E|  |TAMS 0x000000072e400000, 0x000000072e400000| Complete 
| 356|0x000000072e600000, 0x000000072e800000, 0x000000072e800000|100%| E|  |TAMS 0x000000072e600000, 0x000000072e600000| Complete 
| 357|0x000000072e800000, 0x000000072ea00000, 0x000000072ea00000|100%| E|  |TAMS 0x000000072e800000, 0x000000072e800000| Complete 
| 358|0x000000072ea00000, 0x000000072ec00000, 0x000000072ec00000|100%| E|  |TAMS 0x000000072ea00000, 0x000000072ea00000| Complete 
| 359|0x000000072ec00000, 0x000000072ee00000, 0x000000072ee00000|100%| E|  |TAMS 0x000000072ec00000, 0x000000072ec00000| Complete 
| 360|0x000000072ee00000, 0x000000072f000000, 0x000000072f000000|100%| E|  |TAMS 0x000000072ee00000, 0x000000072ee00000| Complete 
| 361|0x000000072f000000, 0x000000072f200000, 0x000000072f200000|100%| E|  |TAMS 0x000000072f000000, 0x000000072f000000| Complete 
| 362|0x000000072f200000, 0x000000072f400000, 0x000000072f400000|100%| E|  |TAMS 0x000000072f200000, 0x000000072f200000| Complete 
| 363|0x000000072f400000, 0x000000072f600000, 0x000000072f600000|100%| E|  |TAMS 0x000000072f400000, 0x000000072f400000| Complete 

Card table byte_map: [0x0000017875850000,0x0000017876050000] _byte_map_base: 0x0000017872041000

Marking Bits (Prev, Next): (CMBitMap*) 0x000001785e4dce40, (CMBitMap*) 0x000001785e4dce00
 Prev Bits: [0x000001787a7e0000, 0x000001787e768000)
 Next Bits: [0x0000017876850000, 0x000001787a7d8000)

Polling page: 0x000001785c430000

Metaspace:

Usage:
  Non-class:     97.73 MB used.
      Class:     13.57 MB used.
       Both:    111.31 MB used.

Virtual space:
  Non-class space:      128.00 MB reserved,      98.19 MB ( 77%) committed,  2 nodes.
      Class space:        1.00 GB reserved,      14.06 MB (  1%) committed,  1 nodes.
             Both:        1.12 GB reserved,     112.25 MB ( 10%) committed. 

Chunk freelists:
   Non-Class:  13.39 MB
       Class:  1.95 MB
        Both:  15.34 MB

MaxMetaspaceSize: unlimited
CompressedClassSpaceSize: 1.00 GB
Initial GC threshold: 21.00 MB
Current GC threshold: 167.12 MB
CDS: on
MetaspaceReclaimPolicy: balanced
 - commit_granule_bytes: 65536.
 - commit_granule_words: 8192.
 - virtual_space_node_default_size: 8388608.
 - enlarge_chunks_in_place: 1.
 - new_chunks_are_fully_committed: 0.
 - uncommit_free_chunks: 1.
 - use_allocation_guard: 0.
 - handle_deallocations: 1.


Internal statistics:

num_allocs_failed_limit: 9.
num_arena_births: 1946.
num_arena_deaths: 278.
num_vsnodes_births: 3.
num_vsnodes_deaths: 0.
num_space_committed: 1796.
num_space_uncommitted: 0.
num_chunks_returned_to_freelist: 428.
num_chunks_taken_from_freelist: 6765.
num_chunk_merges: 104.
num_chunk_splits: 4288.
num_chunks_enlarged: 2878.
num_inconsistent_stats: 0.

CodeHeap 'non-profiled nmethods': size=120000Kb used=12839Kb max_used=12839Kb free=107161Kb
 bounds [0x000001786d7f0000, 0x000001786e480000, 0x0000017874d20000]
CodeHeap 'profiled nmethods': size=120000Kb used=29883Kb max_used=29883Kb free=90117Kb
 bounds [0x0000017865d20000, 0x0000017867a60000, 0x000001786d250000]
CodeHeap 'non-nmethods': size=5760Kb used=1510Kb max_used=1634Kb free=4249Kb
 bounds [0x000001786d250000, 0x000001786d4c0000, 0x000001786d7f0000]
 total_blobs=15662 nmethods=14871 adapters=701
 compilation: enabled
              stopped_count=0, restarted_count=0
 full_count=0

Compilation events (20 events):
Event: 803.144 Thread 0x000001787f0b49e0 nmethod 19359 0x000001786e475f10 code [0x000001786e4760a0, 0x000001786e476178]
Event: 803.150 Thread 0x000001787f0b32e0 nmethod 19347% 0x000001786e476210 code [0x000001786e4763e0, 0x000001786e477268]
Event: 803.150 Thread 0x000001787f0b32e0 19348   !   4       java.util.concurrent.ConcurrentHashMap::replaceNode (437 bytes)
Event: 803.151 Thread 0x000001787f0b49e0 19360       3       java.util.concurrent.ThreadPoolExecutor::runStateLessThan (11 bytes)
Event: 803.152 Thread 0x000001787f0b49e0 nmethod 19360 0x0000017867a4f810 code [0x0000017867a4f9a0, 0x0000017867a4faf8]
Event: 803.165 Thread 0x000001787f0b32e0 nmethod 19348 0x000001786e477910 code [0x000001786e477ac0, 0x000001786e4789f8]
Event: 803.165 Thread 0x000001787f0b32e0 19356       4       java.util.concurrent.ConcurrentLinkedQueue::poll (84 bytes)
Event: 803.172 Thread 0x000001787f0b32e0 nmethod 19356 0x000001786e479110 code [0x000001786e4792a0, 0x000001786e479938]
Event: 803.179 Thread 0x000001787f0b49e0 19361   !   3       java.net.Socket::isClosed (19 bytes)
Event: 803.179 Thread 0x000001787f0b49e0 nmethod 19361 0x0000017867a4fb90 code [0x0000017867a4fd40, 0x0000017867a4ff38]
Event: 803.192 Thread 0x000001787f0b49e0 19362       3       java.net.Socket::getImpl (17 bytes)
Event: 803.192 Thread 0x000001787f0b49e0 nmethod 19362 0x0000017867a50010 code [0x0000017867a501c0, 0x0000017867a503e8]
Event: 803.328 Thread 0x000001787f0b32e0 19363   !   4       org.springframework.util.ConcurrentReferenceHashMap$Segment::clear (69 bytes)
Event: 803.329 Thread 0x000001787f0b49e0 19364       3       com.intellij.rt.debugger.agent.CaptureStorage::capture (19 bytes)
Event: 803.329 Thread 0x000001787f0b49e0 nmethod 19364 0x0000017867a50490 code [0x0000017867a50680, 0x0000017867a50b68]
Event: 803.329 Thread 0x000001787f0b49e0 19365       3       com.intellij.rt.debugger.agent.CaptureStorage$3::<init> (10 bytes)
Event: 803.330 Thread 0x000001787f0b49e0 nmethod 19365 0x0000017867a50d10 code [0x0000017867a50ea0, 0x0000017867a51078]
Event: 803.330 Thread 0x000001787f0b49e0 19366       3       com.intellij.rt.debugger.agent.CaptureStorage$ExceptionCapturedStack::<init> (6 bytes)
Event: 803.330 Thread 0x000001787f0b49e0 nmethod 19366 0x0000017867a51110 code [0x0000017867a512c0, 0x0000017867a514f8]
Event: 803.333 Thread 0x000001787f0b49e0 19367       3       java.lang.Exception::<init> (5 bytes)

GC Heap History (20 events):
Event: 36.399 GC heap after
{Heap after GC invocations=65 (full 0):
 garbage-first heap   total 235520K, used 108350K [0x0000000701e00000, 0x0000000800000000)
  region size 2048K, 1 young (2048K), 1 survivors (2048K)
 Metaspace       used 96876K, committed 97536K, reserved 1179648K
  class space    used 11896K, committed 12224K, reserved 1048576K
}
Event: 37.240 GC heap before
{Heap before GC invocations=65 (full 0):
 garbage-first heap   total 235520K, used 196414K [0x0000000701e00000, 0x0000000800000000)
  region size 2048K, 44 young (90112K), 1 survivors (2048K)
 Metaspace       used 97938K, committed 98624K, reserved 1179648K
  class space    used 11964K, committed 12288K, reserved 1048576K
}
Event: 37.245 GC heap after
{Heap after GC invocations=66 (full 0):
 garbage-first heap   total 235520K, used 111223K [0x0000000701e00000, 0x0000000800000000)
  region size 2048K, 2 young (4096K), 2 survivors (4096K)
 Metaspace       used 97938K, committed 98624K, reserved 1179648K
  class space    used 11964K, committed 12288K, reserved 1048576K
}
Event: 39.112 GC heap before
{Heap before GC invocations=67 (full 0):
 garbage-first heap   total 235520K, used 197239K [0x0000000701e00000, 0x0000000800000000)
  region size 2048K, 44 young (90112K), 2 survivors (4096K)
 Metaspace       used 101696K, committed 102336K, reserved 1179648K
  class space    used 12419K, committed 12736K, reserved 1048576K
}
Event: 39.122 GC heap after
{Heap after GC invocations=68 (full 0):
 garbage-first heap   total 235520K, used 119724K [0x0000000701e00000, 0x0000000800000000)
  region size 2048K, 6 young (12288K), 6 survivors (12288K)
 Metaspace       used 101696K, committed 102336K, reserved 1179648K
  class space    used 12419K, committed 12736K, reserved 1048576K
}
Event: 39.130 GC heap before
{Heap before GC invocations=68 (full 0):
 garbage-first heap   total 235520K, used 121772K [0x0000000701e00000, 0x0000000800000000)
  region size 2048K, 7 young (14336K), 6 survivors (12288K)
 Metaspace       used 101700K, committed 102336K, reserved 1179648K
  class space    used 12419K, committed 12736K, reserved 1048576K
}
Event: 39.144 GC heap after
{Heap after GC invocations=69 (full 0):
 garbage-first heap   total 235520K, used 119780K [0x0000000701e00000, 0x0000000800000000)
  region size 2048K, 1 young (2048K), 1 survivors (2048K)
 Metaspace       used 101700K, committed 102336K, reserved 1179648K
  class space    used 12419K, committed 12736K, reserved 1048576K
}
Event: 39.553 GC heap before
{Heap before GC invocations=69 (full 0):
 garbage-first heap   total 235520K, used 195556K [0x0000000701e00000, 0x0000000800000000)
  region size 2048K, 38 young (77824K), 1 survivors (2048K)
 Metaspace       used 101905K, committed 102592K, reserved 1179648K
  class space    used 12433K, committed 12800K, reserved 1048576K
}
Event: 39.563 GC heap after
{Heap after GC invocations=70 (full 0):
 garbage-first heap   total 235520K, used 136489K [0x0000000701e00000, 0x0000000800000000)
  region size 2048K, 5 young (10240K), 5 survivors (10240K)
 Metaspace       used 101905K, committed 102592K, reserved 1179648K
  class space    used 12433K, committed 12800K, reserved 1048576K
}
Event: 39.936 GC heap before
{Heap before GC invocations=71 (full 0):
 garbage-first heap   total 270336K, used 183593K [0x0000000701e00000, 0x0000000800000000)
  region size 2048K, 29 young (59392K), 5 survivors (10240K)
 Metaspace       used 101957K, committed 102720K, reserved 1179648K
  class space    used 12423K, committed 12800K, reserved 1048576K
}
Event: 39.949 GC heap after
{Heap after GC invocations=72 (full 0):
 garbage-first heap   total 270336K, used 149519K [0x0000000701e00000, 0x0000000800000000)
  region size 2048K, 4 young (8192K), 4 survivors (8192K)
 Metaspace       used 101957K, committed 102720K, reserved 1179648K
  class space    used 12423K, committed 12800K, reserved 1048576K
}
Event: 39.986 GC heap before
{Heap before GC invocations=72 (full 0):
 garbage-first heap   total 270336K, used 153615K [0x0000000701e00000, 0x0000000800000000)
  region size 2048K, 6 young (12288K), 4 survivors (8192K)
 Metaspace       used 102003K, committed 102720K, reserved 1179648K
  class space    used 12428K, committed 12800K, reserved 1048576K
}
Event: 39.997 GC heap after
{Heap after GC invocations=73 (full 0):
 garbage-first heap   total 745472K, used 151372K [0x0000000701e00000, 0x0000000800000000)
  region size 2048K, 1 young (2048K), 1 survivors (2048K)
 Metaspace       used 102003K, committed 102720K, reserved 1179648K
  class space    used 12428K, committed 12800K, reserved 1048576K
}
Event: 154.002 GC heap before
{Heap before GC invocations=73 (full 0):
 garbage-first heap   total 745472K, used 458572K [0x0000000701e00000, 0x0000000800000000)
  region size 2048K, 152 young (311296K), 1 survivors (2048K)
 Metaspace       used 110857K, committed 111616K, reserved 1179648K
  class space    used 13590K, committed 13952K, reserved 1048576K
}
Event: 154.011 GC heap after
{Heap after GC invocations=74 (full 0):
 garbage-first heap   total 745472K, used 157594K [0x0000000701e00000, 0x0000000800000000)
  region size 2048K, 5 young (10240K), 5 survivors (10240K)
 Metaspace       used 110857K, committed 111616K, reserved 1179648K
  class space    used 13590K, committed 13952K, reserved 1048576K
}
Event: 318.915 GC heap before
{Heap before GC invocations=74 (full 0):
 garbage-first heap   total 745472K, used 585626K [0x0000000701e00000, 0x0000000800000000)
  region size 2048K, 214 young (438272K), 5 survivors (10240K)
 Metaspace       used 112694K, committed 113664K, reserved 1179648K
  class space    used 13799K, committed 14272K, reserved 1048576K
}
Event: 318.924 GC heap after
{Heap after GC invocations=75 (full 0):
 garbage-first heap   total 745472K, used 159149K [0x0000000701e00000, 0x0000000800000000)
  region size 2048K, 5 young (10240K), 5 survivors (10240K)
 Metaspace       used 112694K, committed 113664K, reserved 1179648K
  class space    used 13799K, committed 14272K, reserved 1048576K
}
Event: 548.798 GC heap before
{Heap before GC invocations=75 (full 0):
 garbage-first heap   total 745472K, used 595373K [0x0000000701e00000, 0x0000000800000000)
  region size 2048K, 218 young (446464K), 5 survivors (10240K)
 Metaspace       used 113445K, committed 114432K, reserved 1179648K
  class space    used 13856K, committed 14336K, reserved 1048576K
}
Event: 548.806 GC heap after
{Heap after GC invocations=76 (full 0):
 garbage-first heap   total 745472K, used 159564K [0x0000000701e00000, 0x0000000800000000)
  region size 2048K, 5 young (10240K), 5 survivors (10240K)
 Metaspace       used 113445K, committed 114432K, reserved 1179648K
  class space    used 13856K, committed 14336K, reserved 1048576K
}
Event: 803.334 GC heap before
{Heap before GC invocations=76 (full 0):
 garbage-first heap   total 745472K, used 589644K [0x0000000701e00000, 0x0000000800000000)
  region size 2048K, 216 young (442368K), 5 survivors (10240K)
 Metaspace       used 113977K, committed 114944K, reserved 1179648K
  class space    used 13898K, committed 14400K, reserved 1048576K
}

Deoptimization events (20 events):
Event: 803.333 Thread 0x000001784dddf980 DEOPT PACKING pc=0x0000017866438f4c sp=0x0000004d693fc320
Event: 803.333 Thread 0x000001784dddf980 DEOPT UNPACKING pc=0x000001786d2a2b43 sp=0x0000004d693fb8c0 mode 1
Event: 803.333 Thread 0x000001784dddf980 DEOPT PACKING pc=0x0000017866435aac sp=0x0000004d693fc480
Event: 803.333 Thread 0x000001784dddf980 DEOPT UNPACKING pc=0x000001786d2a2b43 sp=0x0000004d693fba40 mode 1
Event: 803.333 Thread 0x000001784bc76ce0 DEOPT PACKING pc=0x0000017865d50374 sp=0x0000004d6bdff3e0
Event: 803.333 Thread 0x000001784bc76ce0 DEOPT UNPACKING pc=0x000001786d2a2b43 sp=0x0000004d6bdfe900 mode 1
Event: 803.333 Thread 0x000001784bc76ce0 DEOPT PACKING pc=0x00000178677215e4 sp=0x0000004d6bdff4d0
Event: 803.333 Thread 0x000001784bc76ce0 DEOPT UNPACKING pc=0x000001786d2a2b43 sp=0x0000004d6bdfea18 mode 1
Event: 803.333 Thread 0x000001784bc76ce0 DEOPT PACKING pc=0x0000017867720acc sp=0x0000004d6bdff5f0
Event: 803.333 Thread 0x000001784bc76ce0 DEOPT UNPACKING pc=0x000001786d2a2b43 sp=0x0000004d6bdfea90 mode 1
Event: 803.333 Thread 0x000001784bc76ce0 DEOPT PACKING pc=0x000001786761821c sp=0x0000004d6bdff630
Event: 803.333 Thread 0x000001784bc76ce0 DEOPT UNPACKING pc=0x000001786d2a2b43 sp=0x0000004d6bdfeaf0 mode 1
Event: 803.333 Thread 0x000001784bc771f0 DEOPT PACKING pc=0x00000178677142dc sp=0x0000004d6befec60
Event: 803.333 Thread 0x000001784bc771f0 DEOPT UNPACKING pc=0x000001786d2a2b43 sp=0x0000004d6befe180 mode 1
Event: 803.333 Thread 0x000001784bc771f0 DEOPT PACKING pc=0x00000178677216d4 sp=0x0000004d6befed80
Event: 803.333 Thread 0x000001784bc771f0 DEOPT UNPACKING pc=0x000001786d2a2b43 sp=0x0000004d6befe2c8 mode 1
Event: 803.333 Thread 0x000001784bc771f0 DEOPT PACKING pc=0x0000017867720acc sp=0x0000004d6befeea0
Event: 803.333 Thread 0x000001784bc771f0 DEOPT UNPACKING pc=0x000001786d2a2b43 sp=0x0000004d6befe340 mode 1
Event: 803.333 Thread 0x000001784bc771f0 DEOPT PACKING pc=0x000001786761821c sp=0x0000004d6befeee0
Event: 803.334 Thread 0x000001784bc771f0 DEOPT UNPACKING pc=0x000001786d2a2b43 sp=0x0000004d6befe3a0 mode 1

Classes unloaded (20 events):
Event: 37.389 Thread 0x000001787f094580 Unloading class 0x0000017803bd1000 'jdk/internal/reflect/GeneratedSerializationConstructorAccessor55'
Event: 37.389 Thread 0x000001787f094580 Unloading class 0x0000017803bd0c00 'jdk/internal/reflect/GeneratedSerializationConstructorAccessor54'
Event: 39.742 Thread 0x000001787f094580 Unloading class 0x0000017803c15400 'jdk/internal/reflect/GeneratedSerializationConstructorAccessor139'
Event: 39.742 Thread 0x000001787f094580 Unloading class 0x0000017803c15000 'jdk/internal/reflect/GeneratedSerializationConstructorAccessor138'
Event: 39.742 Thread 0x000001787f094580 Unloading class 0x0000017803c14c00 'jdk/internal/reflect/GeneratedSerializationConstructorAccessor137'
Event: 39.742 Thread 0x000001787f094580 Unloading class 0x0000017803c14400 'jdk/internal/reflect/GeneratedSerializationConstructorAccessor136'
Event: 39.742 Thread 0x000001787f094580 Unloading class 0x0000017803c14000 'jdk/internal/reflect/GeneratedSerializationConstructorAccessor135'
Event: 39.742 Thread 0x000001787f094580 Unloading class 0x0000017803c0a400 'jdk/internal/reflect/GeneratedSerializationConstructorAccessor134'
Event: 39.742 Thread 0x000001787f094580 Unloading class 0x0000017803c0a000 'jdk/internal/reflect/GeneratedSerializationConstructorAccessor133'
Event: 39.742 Thread 0x000001787f094580 Unloading class 0x0000017803c09c00 'jdk/internal/reflect/GeneratedSerializationConstructorAccessor132'
Event: 39.742 Thread 0x000001787f094580 Unloading class 0x0000017803c09800 'jdk/internal/reflect/GeneratedSerializationConstructorAccessor131'
Event: 39.742 Thread 0x000001787f094580 Unloading class 0x0000017803c09400 'jdk/internal/reflect/GeneratedSerializationConstructorAccessor130'
Event: 39.742 Thread 0x000001787f094580 Unloading class 0x0000017803c09000 'jdk/internal/reflect/GeneratedSerializationConstructorAccessor129'
Event: 39.742 Thread 0x000001787f094580 Unloading class 0x0000017803c08c00 'jdk/internal/reflect/GeneratedSerializationConstructorAccessor128'
Event: 39.742 Thread 0x000001787f094580 Unloading class 0x0000017803c08800 'jdk/internal/reflect/GeneratedSerializationConstructorAccessor127'
Event: 39.742 Thread 0x000001787f094580 Unloading class 0x0000017803c08400 'jdk/internal/reflect/GeneratedSerializationConstructorAccessor126'
Event: 39.742 Thread 0x000001787f094580 Unloading class 0x0000017803c08000 'jdk/internal/reflect/GeneratedSerializationConstructorAccessor125'
Event: 39.742 Thread 0x000001787f094580 Unloading class 0x0000017803b41400 'jdk/internal/reflect/GeneratedSerializationConstructorAccessor124'
Event: 39.742 Thread 0x000001787f094580 Unloading class 0x0000017803b61400 'jdk/internal/reflect/GeneratedSerializationConstructorAccessor123'
Event: 39.742 Thread 0x000001787f094580 Unloading class 0x0000017803b61c00 'jdk/internal/reflect/GeneratedSerializationConstructorAccessor122'

Classes redefined (1 events):
Event: 0.497 Thread 0x000001787f094580 redefined class name=java.lang.Throwable, count=1

Internal exceptions (20 events):
Event: 509.929 Thread 0x00000178495575c0 Exception <a 'java/lang/NoSuchMethodError'{0x000000071ab725a8}: 'java.lang.Object java.lang.invoke.DirectMethodHandle$Holder.invokeSpecial(java.lang.Object, java.lang.Object, long, java.lang.Object, java.lang.Object, java.lang.Object, java.lang.Object, java.lang.Object, java.lang.Object, java.lang.Object, java.lang.Object, java.lang.Object, java.lang.Object)'> (0x000000071ab725a8) 
thrown [s\open\src\hotspot\share\interpreter\linkResolver.cpp, line 759]
Event: 509.929 Thread 0x00000178495575c0 Exception <a 'java/lang/NoSuchMethodError'{0x000000071ab77470}: 'java.lang.Object java.lang.invoke.DelegatingMethodHandle$Holder.reinvoke_L(java.lang.Object, long, java.lang.Object, java.lang.Object, java.lang.Object, java.lang.Object, java.lang.Object, java.lang.Object, java.lang.Object, java.lang.Object, java.lang.Object, java.lang.Object)'> (0x000000071ab77470) 
thrown [s\open\src\hotspot\share\interpreter\linkResolver.cpp, line 759]
Event: 509.933 Thread 0x00000178495575c0 Exception <a 'java/lang/NoSuchMethodError'{0x000000071abb1e50}: 'java.lang.Object java.lang.invoke.DirectMethodHandle$Holder.invokeSpecial(java.lang.Object, java.lang.Object, java.lang.Object, java.lang.Object, java.lang.Object, java.lang.Object, java.lang.Object, java.lang.Object, java.lang.Object, java.lang.Object, java.lang.Object, java.lang.Object)'> (0x000000071abb1e50) 
thrown [s\open\src\hotspot\share\interpreter\linkResolver.cpp, line 759]
Event: 509.933 Thread 0x00000178495575c0 Exception <a 'java/lang/NoSuchMethodError'{0x000000071abb6c08}: 'java.lang.Object java.lang.invoke.Invokers$Holder.linkToTargetMethod(java.lang.Object, java.lang.Object, java.lang.Object, java.lang.Object, java.lang.Object, java.lang.Object, java.lang.Object, java.lang.Object, java.lang.Object, java.lang.Object, java.lang.Object)'> (0x000000071abb6c08) 
thrown [s\open\src\hotspot\share\interpreter\linkResolver.cpp, line 759]
Event: 524.143 Thread 0x00000178495584f0 Exception <a 'java/lang/NoSuchMethodError'{0x0000000718296c40}: 'java.lang.Object java.lang.invoke.DirectMethodHandle$Holder.invokeSpecial(java.lang.Object, java.lang.Object, long, java.lang.Object, java.lang.Object, java.lang.Object, java.lang.Object, int, java.lang.Object)'> (0x0000000718296c40) 
thrown [s\open\src\hotspot\share\interpreter\linkResolver.cpp, line 759]
Event: 524.144 Thread 0x00000178495584f0 Exception <a 'java/lang/NoSuchMethodError'{0x000000071829bbf8}: 'java.lang.Object java.lang.invoke.DelegatingMethodHandle$Holder.reinvoke_L(java.lang.Object, long, java.lang.Object, java.lang.Object, java.lang.Object, java.lang.Object, int, java.lang.Object)'> (0x000000071829bbf8) 
thrown [s\open\src\hotspot\share\interpreter\linkResolver.cpp, line 759]
Event: 554.234 Thread 0x00000178495575c0 Exception <a 'java/lang/ClassCastException'{0x000000072d5fa1f8}: class java.lang.Integer cannot be cast to class java.lang.Long (java.lang.Integer and java.lang.Long are in module java.base of loader 'bootstrap')> (0x000000072d5fa1f8) 
thrown [s\open\src\hotspot\share\interpreter\interpreterRuntime.cpp, line 444]
Event: 554.234 Thread 0x00000178495575c0 Exception <a 'java/lang/reflect/InvocationTargetException'{0x000000072d5face0}> (0x000000072d5face0) 
thrown [s\open\src\hotspot\share\runtime\reflection.cpp, line 1121]
Event: 554.234 Thread 0x00000178495575c0 Exception <a 'java/lang/reflect/InvocationTargetException'{0x000000072d5fb7c8}> (0x000000072d5fb7c8) 
thrown [s\open\src\hotspot\share\runtime\reflection.cpp, line 1121]
Event: 595.722 Thread 0x00000178495584f0 Exception <a 'java/lang/ClassCastException'{0x0000000727af18e0}: class java.lang.Integer cannot be cast to class java.lang.Long (java.lang.Integer and java.lang.Long are in module java.base of loader 'bootstrap')> (0x0000000727af18e0) 
thrown [s\open\src\hotspot\share\interpreter\interpreterRuntime.cpp, line 444]
Event: 595.722 Thread 0x00000178495584f0 Exception <a 'java/lang/reflect/InvocationTargetException'{0x0000000727af23c8}> (0x0000000727af23c8) 
thrown [s\open\src\hotspot\share\runtime\reflection.cpp, line 1121]
Event: 595.722 Thread 0x00000178495584f0 Exception <a 'java/lang/reflect/InvocationTargetException'{0x0000000727af2eb0}> (0x0000000727af2eb0) 
thrown [s\open\src\hotspot\share\runtime\reflection.cpp, line 1121]
Event: 628.297 Thread 0x0000017849555250 Exception <a 'java/lang/ClassCastException'{0x0000000723acea30}: class java.lang.Integer cannot be cast to class java.lang.Long (java.lang.Integer and java.lang.Long are in module java.base of loader 'bootstrap')> (0x0000000723acea30) 
thrown [s\open\src\hotspot\share\interpreter\interpreterRuntime.cpp, line 444]
Event: 628.297 Thread 0x0000017849555250 Exception <a 'java/lang/reflect/InvocationTargetException'{0x0000000723acf518}> (0x0000000723acf518) 
thrown [s\open\src\hotspot\share\runtime\reflection.cpp, line 1121]
Event: 628.297 Thread 0x0000017849555250 Exception <a 'java/lang/reflect/InvocationTargetException'{0x0000000723ad0000}> (0x0000000723ad0000) 
thrown [s\open\src\hotspot\share\runtime\reflection.cpp, line 1121]
Event: 662.207 Thread 0x0000017849557ad0 Exception <a 'java/lang/NoSuchMethodError'{0x00000007212681c8}: 'java.lang.Object java.lang.invoke.DirectMethodHandle$Holder.invokeStatic(java.lang.Object, int, int)'> (0x00000007212681c8) 
thrown [s\open\src\hotspot\share\interpreter\linkResolver.cpp, line 759]
Event: 701.485 Thread 0x00000178495575c0 Exception <a 'java/lang/ClassCastException'{0x000000071cc84aa8}: class java.lang.Integer cannot be cast to class java.lang.Long (java.lang.Integer and java.lang.Long are in module java.base of loader 'bootstrap')> (0x000000071cc84aa8) 
thrown [s\open\src\hotspot\share\interpreter\interpreterRuntime.cpp, line 444]
Event: 701.485 Thread 0x00000178495575c0 Exception <a 'java/lang/reflect/InvocationTargetException'{0x000000071cc85590}> (0x000000071cc85590) 
thrown [s\open\src\hotspot\share\runtime\reflection.cpp, line 1121]
Event: 701.486 Thread 0x00000178495575c0 Exception <a 'java/lang/reflect/InvocationTargetException'{0x000000071cc86078}> (0x000000071cc86078) 
thrown [s\open\src\hotspot\share\runtime\reflection.cpp, line 1121]
Event: 803.333 Thread 0x0000017851b680f0 Exception <a 'java/lang/InterruptedException'{0x0000000715000040}: sleep interrupted> (0x0000000715000040) 
thrown [s\open\src\hotspot\share\prims\jvm.cpp, line 3064]

VM Operations (20 events):
Event: 548.806 Executing VM operation: G1CollectForAllocation done
Event: 553.846 Executing VM operation: Cleanup
Event: 553.846 Executing VM operation: Cleanup done
Event: 555.846 Executing VM operation: Cleanup
Event: 555.847 Executing VM operation: Cleanup done
Event: 589.110 Executing VM operation: Cleanup
Event: 589.110 Executing VM operation: Cleanup done
Event: 596.170 Executing VM operation: Cleanup
Event: 596.170 Executing VM operation: Cleanup done
Event: 628.346 Executing VM operation: Cleanup
Event: 628.346 Executing VM operation: Cleanup done
Event: 650.539 Executing VM operation: Cleanup
Event: 650.539 Executing VM operation: Cleanup done
Event: 662.653 Executing VM operation: Cleanup
Event: 662.653 Executing VM operation: Cleanup done
Event: 680.756 Executing VM operation: Cleanup
Event: 680.756 Executing VM operation: Cleanup done
Event: 701.946 Executing VM operation: Cleanup
Event: 701.946 Executing VM operation: Cleanup done
Event: 803.334 Executing VM operation: G1CollectFull

Events (20 events):
Event: 803.151 loading class com/zaxxer/hikari/util/ConcurrentBag$IConcurrentBagEntry done
Event: 803.151 loading class com/zaxxer/hikari/util/ConcurrentBag$IConcurrentBagEntry
Event: 803.151 loading class com/zaxxer/hikari/util/ConcurrentBag$IConcurrentBagEntry done
Event: 803.151 Thread 0x000001784f9f8060 Thread exited: 0x000001784f9f8060
Event: 803.152 loading class sun/security/ssl/Alert
Event: 803.177 loading class sun/security/ssl/Alert done
Event: 803.178 loading class sun/security/ssl/Alert$AlertConsumer
Event: 803.178 loading class sun/security/ssl/Alert$AlertConsumer done
Event: 803.178 loading class sun/security/ssl/Alert$Level
Event: 803.178 loading class sun/security/ssl/Alert$Level done
Event: 803.179 loading class com/mysql/cj/interceptors/QueryInterceptor
Event: 803.179 loading class com/mysql/cj/interceptors/QueryInterceptor done
Event: 803.326 Thread 0x000001784dde3640 Thread exited: 0x000001784dde3640
Event: 803.328 loading class org/apache/catalina/core/ContainerBase$StopChild
Event: 803.328 loading class org/apache/catalina/core/ContainerBase$StopChild done
Event: 803.329 loading class org/apache/catalina/ContainerEvent
Event: 803.329 loading class org/apache/catalina/ContainerEvent done
Event: 803.334 Thread 0x000001784bc76ce0 Thread exited: 0x000001784bc76ce0
Event: 803.334 Thread 0x0000017851b680f0 Thread exited: 0x0000017851b680f0
Event: 803.334 Thread 0x000001784bc771f0 Thread exited: 0x000001784bc771f0


Dynamic libraries:
0x00007ff723f60000 - 0x00007ff723f70000 	C:\Program Files\Java\jdk-17\bin\java.exe
0x00007ffb2b380000 - 0x00007ffb2b5e7000 	C:\WINDOWS\SYSTEM32\ntdll.dll
0x00007ffb29d90000 - 0x00007ffb29e59000 	C:\WINDOWS\System32\KERNEL32.DLL
0x00007ffb280b0000 - 0x00007ffb284a1000 	C:\WINDOWS\System32\KERNELBASE.dll
0x00007ffb27f30000 - 0x00007ffb2807b000 	C:\WINDOWS\System32\ucrtbase.dll
0x00007ffb21100000 - 0x00007ffb2111b000 	C:\Program Files\Java\jdk-17\bin\VCRUNTIME140.dll
0x00007ffb1f330000 - 0x00007ffb1f349000 	C:\Program Files\Java\jdk-17\bin\jli.dll
0x00007ffb292f0000 - 0x00007ffb293ab000 	C:\WINDOWS\System32\ADVAPI32.dll
0x00007ffb293b0000 - 0x00007ffb29459000 	C:\WINDOWS\System32\msvcrt.dll
0x00007ffb29ce0000 - 0x00007ffb29d87000 	C:\WINDOWS\System32\sechost.dll
0x00007ffb2ae00000 - 0x00007ffb2af18000 	C:\WINDOWS\System32\RPCRT4.dll
0x00007ffb29120000 - 0x00007ffb292e5000 	C:\WINDOWS\System32\USER32.dll
0x00007ffb28080000 - 0x00007ffb280a7000 	C:\WINDOWS\System32\win32u.dll
0x00007ffb2a3b0000 - 0x00007ffb2a3db000 	C:\WINDOWS\System32\GDI32.dll
0x00007ffb26d60000 - 0x00007ffb26ff3000 	C:\WINDOWS\WinSxS\amd64_microsoft.windows.common-controls_6595b64144ccf1df_6.0.26100.8037_none_3e092faae333b53b\COMCTL32.dll
0x00007ffb286f0000 - 0x00007ffb2881b000 	C:\WINDOWS\System32\gdi32full.dll
0x00007ffb27dd0000 - 0x00007ffb27e73000 	C:\WINDOWS\System32\msvcp_win.dll
0x00007ffb1c990000 - 0x00007ffb1c99b000 	C:\WINDOWS\SYSTEM32\VERSION.dll
0x00007ffb2a720000 - 0x00007ffb2a751000 	C:\WINDOWS\System32\IMM32.DLL
0x00007ffb20f70000 - 0x00007ffb20f7c000 	C:\Program Files\Java\jdk-17\bin\vcruntime140_1.dll
0x00007ffb106c0000 - 0x00007ffb1074e000 	C:\Program Files\Java\jdk-17\bin\msvcp140.dll
0x00007ffa91160000 - 0x00007ffa91d40000 	C:\Program Files\Java\jdk-17\bin\server\jvm.dll
0x00007ffb2a3e0000 - 0x00007ffb2a3e8000 	C:\WINDOWS\System32\PSAPI.DLL
0x00007ffb0e700000 - 0x00007ffb0e70a000 	C:\WINDOWS\SYSTEM32\WSOCK32.dll
0x00007ffb198a0000 - 0x00007ffb198d5000 	C:\WINDOWS\SYSTEM32\WINMM.dll
0x00007ffb2b2c0000 - 0x00007ffb2b334000 	C:\WINDOWS\System32\WS2_32.dll
0x00007ffb262d0000 - 0x00007ffb262eb000 	C:\WINDOWS\SYSTEM32\kernel.appcore.dll
0x00007ffb1f320000 - 0x00007ffb1f32a000 	C:\Program Files\Java\jdk-17\bin\jimage.dll
0x00007ffb27410000 - 0x00007ffb27652000 	C:\WINDOWS\SYSTEM32\DBGHELP.DLL
0x00007ffb2af20000 - 0x00007ffb2b2a2000 	C:\WINDOWS\System32\combase.dll
0x00007ffb2ad20000 - 0x00007ffb2adf7000 	C:\WINDOWS\System32\OLEAUT32.dll
0x00007ffb27140000 - 0x00007ffb2717b000 	C:\WINDOWS\SYSTEM32\dbgcore.DLL
0x00007ffb27e80000 - 0x00007ffb27f25000 	C:\WINDOWS\System32\bcryptPrimitives.dll
0x00007ffb15510000 - 0x00007ffb1554b000 	C:\Program Files\Java\jdk-17\bin\jdwp.dll
0x00007ffb1efe0000 - 0x00007ffb1efee000 	C:\Program Files\Java\jdk-17\bin\instrument.dll
0x00007ffb1f250000 - 0x00007ffb1f275000 	C:\Program Files\Java\jdk-17\bin\java.dll
0x00007ffb1eff0000 - 0x00007ffb1f008000 	C:\Program Files\Java\jdk-17\bin\zip.dll
0x00007ffafc7a0000 - 0x00007ffafc877000 	C:\Program Files\Java\jdk-17\bin\jsvml.dll
0x00007ffb294d0000 - 0x00007ffb29c2f000 	C:\WINDOWS\System32\SHELL32.dll
0x00007ffb27c60000 - 0x00007ffb27dca000 	C:\WINDOWS\System32\wintypes.dll
0x00007ffb28820000 - 0x00007ffb29084000 	C:\WINDOWS\System32\windows.storage.dll
0x00007ffb2a8c0000 - 0x00007ffb2a9b7000 	C:\WINDOWS\System32\SHCORE.dll
0x00007ffb29460000 - 0x00007ffb294c7000 	C:\WINDOWS\System32\shlwapi.dll
0x00007ffb27b80000 - 0x00007ffb27ba9000 	C:\WINDOWS\SYSTEM32\profapi.dll
0x00007ffb158e0000 - 0x00007ffb158ec000 	C:\Program Files\Java\jdk-17\bin\dt_socket.dll
0x00007ffb25ab0000 - 0x00007ffb25ae3000 	C:\WINDOWS\SYSTEM32\IPHLPAPI.DLL
0x00007ffb26800000 - 0x00007ffb2686b000 	C:\WINDOWS\system32\mswsock.dll
0x00007ffb1f300000 - 0x00007ffb1f319000 	C:\Program Files\Java\jdk-17\bin\net.dll
0x00007ffb1ca50000 - 0x00007ffb1cb77000 	C:\WINDOWS\SYSTEM32\WINHTTP.dll
0x00007ffb1f230000 - 0x00007ffb1f246000 	C:\Program Files\Java\jdk-17\bin\nio.dll
0x00007ffb158c0000 - 0x00007ffb158ca000 	C:\Program Files\Java\jdk-17\bin\management.dll
0x00007ffb15500000 - 0x00007ffb1550b000 	C:\Program Files\Java\jdk-17\bin\management_ext.dll
0x00007ffb158d0000 - 0x00007ffb158de000 	C:\Program Files\Java\jdk-17\bin\sunmscapi.dll
0x00007ffb28570000 - 0x00007ffb286e7000 	C:\WINDOWS\System32\CRYPT32.dll
0x00007ffb26d20000 - 0x00007ffb26d50000 	C:\WINDOWS\SYSTEM32\ncrypt.dll
0x00007ffb26cd0000 - 0x00007ffb26d0f000 	C:\WINDOWS\SYSTEM32\NTASN1.dll
0x00007ffb27780000 - 0x00007ffb2779b000 	C:\WINDOWS\SYSTEM32\CRYPTSP.dll
0x00007ffb26230000 - 0x00007ffb26269000 	C:\WINDOWS\system32\rsaenh.dll
0x00007ffb268b0000 - 0x00007ffb268e2000 	C:\WINDOWS\SYSTEM32\USERENV.dll
0x00007ffb27b50000 - 0x00007ffb27b7a000 	C:\WINDOWS\SYSTEM32\bcrypt.dll
0x00007ffb26bc0000 - 0x00007ffb26bcc000 	C:\WINDOWS\SYSTEM32\CRYPTBASE.dll
0x00007ffb2b2b0000 - 0x00007ffb2b2ba000 	C:\WINDOWS\System32\NSI.dll
0x00007ffb1c9d0000 - 0x00007ffb1c9ed000 	C:\WINDOWS\SYSTEM32\dhcpcsvc6.DLL
0x00007ffb1c9a0000 - 0x00007ffb1c9c3000 	C:\WINDOWS\SYSTEM32\dhcpcsvc.DLL
0x00007ffb25af0000 - 0x00007ffb25c1a000 	C:\WINDOWS\SYSTEM32\DNSAPI.dll
0x00007ffb154f0000 - 0x00007ffb15500000 	C:\Program Files\Java\jdk-17\bin\verify.dll
0x00007ffb172b0000 - 0x00007ffb172bb000 	C:\Windows\System32\rasadhlp.dll
0x00007ffb1c210000 - 0x00007ffb1c296000 	C:\WINDOWS\System32\fwpuclnt.dll
0x00007ffae11f0000 - 0x00007ffae11f8000 	C:\WINDOWS\system32\wshunix.dll

dbghelp: loaded successfully - version: 4.0.5 - missing functions: none
symbol engine: initialized successfully - sym options: 0x614 - pdb path: .;C:\Program Files\Java\jdk-17\bin;C:\WINDOWS\SYSTEM32;C:\WINDOWS\WinSxS\amd64_microsoft.windows.common-controls_6595b64144ccf1df_6.0.26100.8037_none_3e092faae333b53b;C:\Program Files\Java\jdk-17\bin\server

VM Arguments:
jvm_args: -agentlib:jdwp=transport=dt_socket,address=127.0.0.1:37187,suspend=y,server=n -javaagent:C:\Users\Expertflow\AppData\Local\JetBrains\IdeaIC2025.2\captureAgent\debugger-agent.jar=file:///C:/Users/EXPERT~1/AppData/Local/Temp/capture9530118174790407842.props -Dkotlinx.coroutines.debug.enable.creation.stack.trace=false -Ddebugger.agent.enable.coroutines=true -Dkotlinx.coroutines.debug.enable.flows.stack.trace=true -Dkotlinx.coroutines.debug.enable.mutable.state.flows.stack.trace=true -Dfile.encoding=UTF-8 
java_command: com.smartsolutions.eschool.ESchoolApplication
java_class_path (initial): D:\SMS\sms\target\classes;C:\Users\Expertflow\.m2\repository\org\hibernate\orm\hibernate-core\6.4.1.Final\hibernate-core-6.4.1.Final.jar;C:\Users\Expertflow\.m2\repository\jakarta\persistence\jakarta.persistence-api\3.1.0\jakarta.persistence-api-3.1.0.jar;C:\Users\Expertflow\.m2\repository\jakarta\transaction\jakarta.transaction-api\2.0.1\jakarta.transaction-api-2.0.1.jar;C:\Users\Expertflow\.m2\repository\org\jboss\logging\jboss-logging\3.5.3.Final\jboss-logging-3.5.3.Final.jar;C:\Users\Expertflow\.m2\repository\org\hibernate\common\hibernate-commons-annotations\6.0.6.Final\hibernate-commons-annotations-6.0.6.Final.jar;C:\Users\Expertflow\.m2\repository\io\smallrye\jandex\3.1.2\jandex-3.1.2.jar;C:\Users\Expertflow\.m2\repository\com\fasterxml\classmate\1.6.0\classmate-1.6.0.jar;C:\Users\Expertflow\.m2\repository\net\bytebuddy\byte-buddy\1.14.13\byte-buddy-1.14.13.jar;C:\Users\Expertflow\.m2\repository\jakarta\xml\bind\jakarta.xml.bind-api\4.0.2\jakarta.xml.bind-api-4.0.2.jar;C:\Users\Expertflow\.m2\repository\jakarta\activation\jakarta.activation-api\2.1.3\jakarta.activation-api-2.1.3.jar;C:\Users\Expertflow\.m2\repository\org\glassfish\jaxb\jaxb-runtime\4.0.5\jaxb-runtime-4.0.5.jar;C:\Users\Expertflow\.m2\repository\org\glassfish\jaxb\jaxb-core\4.0.5\jaxb-core-4.0.5.jar;C:\Users\Expertflow\.m2\repository\org\eclipse\angus\angus-activation\2.0.2\angus-activation-2.0.2.jar;C:\Users\Expertflow\.m2\repository\org\glassfish\jaxb\txw2\4.0.5\txw2-4.0.5.jar;C:\Users\Expertflow\.m2\repository\com\sun\istack\istack-commons-runtime\4.1.2\istack-commons-runtime-4.1.2.jar;C:\Users\Expertflow\.m2\repository\jakarta\inject\jakarta.inject-api\2.0.1\jakarta.inject-api-2.0.1.jar;C:\Users\Expertflow\.m2\repository\org\antlr\antlr4-runtime\4.13.0\antlr4-runtime-4.13.0.jar;C:\Users\Expertflow\.m2\repository\org\springframework\boot\spring-boot-starter-data-jpa\3.2.5\spring-boot-starter-data-jpa-3.2.5.jar;C:\Users\Expertflow\.m2\repository\org\springframewo
Launcher Type: SUN_STANDARD

[Global flags]
     intx CICompilerCount                          = 4                                         {product} {ergonomic}
     uint ConcGCThreads                            = 2                                         {product} {ergonomic}
     uint G1ConcRefinementThreads                  = 8                                         {product} {ergonomic}
   size_t G1HeapRegionSize                         = 2097152                                   {product} {ergonomic}
    uintx GCDrainStackTargetSize                   = 64                                        {product} {ergonomic}
   size_t InitialHeapSize                          = 268435456                                 {product} {ergonomic}
   size_t MarkStackSize                            = 4194304                                   {product} {ergonomic}
   size_t MaxHeapSize                              = 4263510016                                {product} {ergonomic}
   size_t MaxNewSize                               = 2556428288                                {product} {ergonomic}
   size_t MinHeapDeltaBytes                        = 2097152                                   {product} {ergonomic}
   size_t MinHeapSize                              = 8388608                                   {product} {ergonomic}
    uintx NonNMethodCodeHeapSize                   = 5839372                                {pd product} {ergonomic}
    uintx NonProfiledCodeHeapSize                  = 122909434                              {pd product} {ergonomic}
    uintx ProfiledCodeHeapSize                     = 122909434                              {pd product} {ergonomic}
    uintx ReservedCodeCacheSize                    = 251658240                              {pd product} {ergonomic}
     bool SegmentedCodeCache                       = true                                      {product} {ergonomic}
   size_t SoftMaxHeapSize                          = 4263510016                             {manageable} {ergonomic}
     bool UseCompressedClassPointers               = true                           {product lp64_product} {ergonomic}
     bool UseCompressedOops                        = true                           {product lp64_product} {ergonomic}
     bool UseG1GC                                  = true                                      {product} {ergonomic}
     bool UseLargePagesIndividualAllocation        = false                                  {pd product} {ergonomic}

Logging:
Log output configuration:
 #0: stdout all=warning uptime,level,tags
 #1: stderr all=off uptime,level,tags

Environment Variables:
PATH=C:\Program Files\Common Files\Oracle\Java\javapath;C:\WINDOWS\system32;C:\WINDOWS;C:\WINDOWS\System32\Wbem;C:\WINDOWS\System32\WindowsPowerShell\v1.0\;C:\WINDOWS\System32\OpenSSH\;C:\Program Files\Java\jdk-17\bin;C:\WINDOWS\system32\config\systemprofile\.dnx\bin;C:\Program Files\Microsoft DNX\Dnvm\;C:\Program Files\Microsoft SQL Server\120\Tools\Binn\;C:\Program Files\Microsoft SQL Server\130\Tools\Binn\;C:\Program Files\Git\cmd;C:\Program Files\nodejs\;C:\Program Files\Docker\Docker\resources\bin;C:\Program Files\apache-maven-3.9.11-bin\apache-maven-3.9.11\bin;C:\Users\Expertflow\AppData\Local\Microsoft\WindowsApps;C:\Users\Expertflow\AppData\Local\Programs\Microsoft VS Code\bin;C:\Users\Expertflow\AppData\Roaming\npm;C:\Users\Expertflow\AppData\Local\Programs\Antigravity\bin
USERNAME=Expertflow
OS=Windows_NT
PROCESSOR_IDENTIFIER=Intel64 Family 6 Model 158 Stepping 9, GenuineIntel



---------------  S Y S T E M  ---------------

OS:
 Windows 11 , 64 bit Build 26100 (10.0.26100.7920)
OS uptime: 0 days 21:29 hours
Hyper-V role detected

CPU: total 8 (initial active 8) (4 cores per cpu, 2 threads per core) family 6 model 158 stepping 9 microcode 0xf8, cx8, cmov, fxsr, ht, mmx, 3dnowpref, sse, sse2, sse3, ssse3, sse4.1, sse4.2, popcnt, lzcnt, tsc, tscinvbit, avx, avx2, aes, erms, clmul, bmi1, bmi2, rtm, adx, fma, vzeroupper, clflush, clflushopt, hv

Memory: 4k page, system-wide physical 16259M (1825M free)
TotalPageFile size 34691M (AvailPageFile size 9144M)
current process WorkingSet (physical memory assigned to process): 1089M, peak: 1089M
current process commit charge ("private bytes"): 1195M, peak: 1216M

vm_info: Java HotSpot(TM) 64-Bit Server VM (17.0.12+8-LTS-286) for windows-amd64 JRE (17.0.12+8-LTS-286), built on Jun  5 2024 06:46:59 by "mach5one" with MS VC++ 17.6 (VS2022)

END.
